timestamp,open,close,high,low,volume
1669075200,15782.30078125,16189.76953125,16253.0478515625,15656.6064453125,30726828760
1669161600,16195.5888671875,16610.70703125,16638.193359375,16170.5029296875,32958875628
1669248000,16611.63671875,16604.46484375,16771.474609375,16501.767578125,26129037414
1669334400,16602.26953125,16521.841796875,16603.31640625,16388.404296875,18678255976
1669420800,16521.576171875,16464.28125,16666.86328125,16416.228515625,18000008764
1669507200,16463.8828125,16444.626953125,16594.40625,16437.025390625,20443898509
1669593600,16440.22265625,16217.322265625,16482.93359375,16054.5302734375,27743025156
1669680000,16217.6396484375,16444.982421875,16522.2578125,16139.396484375,23581685468
1669766400,16445.4765625,17168.56640625,17190.9375,16445.4765625,29523576583
1669852800,17168.001953125,16967.1328125,17197.498046875,16888.388671875,22895392882
1669939200,16968.68359375,17088.66015625,17088.66015625,16877.880859375,19539705127
1670025600,17090.09765625,16908.236328125,17116.041015625,16888.140625,16217776704
1670112000,16908.169921875,17130.486328125,17157.767578125,16903.439453125,16824520830
1670198400,17128.89453125,16974.826171875,17378.15234375,16922.431640625,22209086834
1670284800,16975.23828125,17089.50390625,17091.86328125,16939.921875,19889922369
1670371200,17089.505859375,16848.126953125,17109.376953125,16750.55859375,19675404389
1670457600,16847.349609375,17233.474609375,17267.916015625,16788.783203125,20496603770
1670544000,17232.1484375,17133.15234375,17280.546875,17100.8359375,20328426366
1670630400,17134.220703125,17128.724609375,17216.826171875,17120.68359375,12706781969
1670716800,17129.7109375,17104.193359375,17245.634765625,17091.8203125,14122486832
1670803200,17102.5,17206.4375,17212.564453125,16899.39453125,19617581341
1670889600,17206.44140625,17781.318359375,17930.0859375,17111.763671875,26634741631
1670976000,17782.06640625,17815.650390625,18318.53125,17739.513671875,25534481470
1671062400,17813.64453125,17364.865234375,17846.744140625,17322.58984375,20964448341
1671148800,17364.546875,16647.484375,17505.525390625,16584.701171875,24031608960
1671235200,16646.982421875,16795.091796875,16800.58984375,16614.029296875,14463581825
1671321600,16795.609375,16757.9765625,16815.38671875,16697.8203125,10924354698
1671408000,16759.041015625,16439.6796875,16807.52734375,16398.13671875,17221074814
1671494400,16441.787109375,16906.3046875,17012.984375,16427.8671875,22722096615
1671580800,16904.52734375,16817.53515625,16916.80078125,16755.912109375,14882945045
1671667200,16818.380859375,16830.341796875,16866.673828125,16592.408203125,16441573050
1671753600,16829.64453125,16796.953125,16905.21875,16794.458984375,15329265213
1671840000,16796.9765625,16847.755859375,16864.703125,16793.52734375,9744636213
1671926400,16847.505859375,16841.986328125,16860.5546875,16755.25390625,11656379938
1672012800,16842.25,16919.8046875,16920.123046875,16812.369140625,11886957804
1672099200,16919.291015625,16717.173828125,16959.845703125,16642.072265625,15748580239
1672185600,16716.400390625,16552.572265625,16768.169921875,16497.556640625,17005713920
1672272000,16552.322265625,16642.341796875,16651.755859375,16508.68359375,14472237479
1672358400,16641.330078125,16602.5859375,16643.427734375,16408.474609375,15929162910
1672444800,16603.673828125,16547.49609375,16628.986328125,16517.51953125,11239186456
1672531200,16547.9140625,16625.080078125,16630.439453125,16521.234375,9244361700
1672617600,16625.509765625,16688.470703125,16759.34375,16572.228515625,12097775227
1672704000,16688.84765625,16679.857421875,16760.447265625,16622.37109375,13903079207
1672790400,16680.205078125,16863.23828125,16964.5859375,16667.763671875,18421743322
1672876800,16863.47265625,16836.736328125,16884.021484375,16790.283203125,13692758566
1672963200,16836.47265625,16951.96875,16991.994140625,16716.421875,14413662913
1673049600,16952.1171875,16955.078125,16975.017578125,16914.19140625,7714767174
1673136000,16954.146484375,17091.14453125,17091.14453125,16924.05078125,9768827914
1673222400,17093.9921875,17196.5546875,17389.95703125,17093.9921875,18624736866
1673308800,17192.94921875,17446.29296875,17484.720703125,17162.990234375,15808338949
1673395200,17446.359375,17934.896484375,17934.896484375,17337.994140625,18372283782
1673481600,18117.59375,18869.587890625,19030.087890625,17995.203125,34971338710
1673568000,18868.90625,19909.57421875,19964.322265625,18753.1640625,29225029694
1673654400,19910.537109375,20976.298828125,21075.142578125,19907.828125,38967784639
1673740800,20977.484375,20880.798828125,20993.748046875,20606.986328125,19298407543
1673827200,20882.224609375,21169.6328125,21360.875,20715.74609375,26792494050
1673913600,21175.833984375,21161.51953125,21438.66015625,20978.533203125,24999983362
1674000000,21161.05078125,20688.78125,21564.501953125,20541.544921875,30005625418
1674086400,20686.74609375,21086.79296875,21163.01171875,20685.380859375,21152848261
1674172800,21085.373046875,22676.552734375,22692.357421875,20919.126953125,28799154319
1674259200,22677.427734375,22777.625,23282.34765625,22511.833984375,32442278429
1674345600,22777.986328125,22720.416015625,23056.73046875,22387.900390625,24746386230
1674432000,22721.087890625,22934.431640625,23126.486328125,22654.3046875,26518700512
1674518400,22929.626953125,22636.46875,23134.01171875,22549.744140625,26405069715
1674604800,22639.267578125,23117.859375,23722.099609375,22406.076171875,30685366709
1674691200,23108.955078125,23032.77734375,23237.078125,22911.373046875,26357839322
1674777600,23030.716796875,23078.728515625,23417.720703125,22654.59375,25383335641
1674864000,23079.96484375,23031.08984375,23165.896484375,22908.845703125,14712928379
1674950400,23031.44921875,23774.56640625,23919.890625,22985.0703125,27423687259
1675036800,23774.6484375,22840.138671875,23789.34765625,22657.58203125,27205595568
1675123200,22840.796875,23139.283203125,23225.021484375,22765.568359375,22837828665
1675209600,23137.8359375,23723.76953125,23764.5390625,22877.75,26683255504
1675296000,23720.82421875,23471.87109375,24167.2109375,23468.595703125,32066936882
1675382400,23469.412109375,23449.322265625,23678.103515625,23279.955078125,27083066007
1675468800,23446.3203125,23331.84765625,23556.94921875,23291.794921875,15639298538
1675555200,23332.248046875,22955.666015625,23423.435546875,22841.759765625,19564262605
1675641600,22954.021484375,22760.109375,23119.279296875,22692.025390625,23825006542
1675728000,22757.267578125,23264.291015625,23310.974609375,22756.2578125,27187964471
1675814400,23263.416015625,22939.3984375,23367.958984375,22731.09765625,25371367758
1675900800,22946.56640625,21819.0390625,22996.4375,21773.974609375,32572572185
1675987200,21819.005859375,21651.18359375,21941.185546875,21539.392578125,27078406594
1676073600,21651.841796875,21870.875,21891.41015625,21618.44921875,16356226232
1676160000,21870.90234375,21788.203125,22060.994140625,21682.828125,17821046406
1676246400,21787.0,21808.1015625,21898.4140625,21460.087890625,23918742607
1676332800,21801.822265625,22220.8046875,22293.140625,21632.39453125,26792596581
1676419200,22220.5859375,24307.841796875,24307.841796875,22082.76953125,32483312909
1676505600,24307.349609375,23623.474609375,25134.1171875,23602.5234375,39316664596
1676592000,23621.283203125,24565.6015625,24924.041015625,23460.755859375,41358451255
1676678400,24565.296875,24641.27734375,24798.8359375,24468.373046875,19625427158
1676764800,24640.02734375,24327.642578125,25093.0546875,24327.642578125,25555105670
1676851200,24336.623046875,24829.1484375,25020.458984375,23927.91015625,28987376573
1676937600,24833.048828125,24436.353515625,25126.8515625,24200.36328125,31252098714
1677024000,24437.41796875,24188.84375,24472.33984375,23644.318359375,30199996781
1677110400,24190.71875,23947.4921875,24572.08984375,23693.919921875,30476264066
1677196800,23946.0078125,23198.126953125,24103.705078125,23007.072265625,26811744928
1677283200,23200.125,23175.375,23210.2109375,22861.55859375,16100721565
1677369600,23174.150390625,23561.212890625,23654.3671875,23084.220703125,16644534842
1677456000,23561.451171875,23522.87109375,23857.890625,23205.87890625,22660763494
1677542400,23521.837890625,23147.353515625,23585.384765625,23077.650390625,20535363434
1677628800,23150.9296875,23646.55078125,23880.6328125,23088.626953125,24662841200
1677715200,23647.01953125,23475.466796875,23739.138671875,23245.021484375,20386398516
1677801600,23476.6328125,22362.6796875,23479.34765625,22213.23828125,26062404610
1677888000,22362.923828125,22353.349609375,22405.177734375,22198.98046875,11166012913
1677974400,22354.14453125,22435.513671875,22613.685546875,22307.142578125,13317001733
1678060800,22436.81640625,22429.7578125,22584.29296875,22331.314453125,17353192895
1678147200,22428.322265625,22219.76953125,22527.41796875,22011.26171875,22765452204
1678233600,22216.44140625,21718.080078125,22268.896484375,21708.05078125,22536575684
1678320000,21720.080078125,20363.021484375,21802.716796875,20210.306640625,30364664171
1678406400,20367.001953125,20187.244140625,20370.595703125,19628.25390625,39578257695
1678492800,20187.876953125,20632.41015625,20792.525390625,20068.66015625,30180288176
1678579200,20628.029296875,22163.94921875,22185.03125,20448.806640625,29279035521
1678665600,22156.40625,24197.533203125,24550.837890625,21918.19921875,49466362688
1678752000,24201.765625,24746.07421875,26514.716796875,24081.18359375,54622230164
1678838400,24770.92578125,24375.9609375,25240.615234375,23964.91015625,43655701450
1678924800,24373.45703125,25052.7890625,25190.326171875,24225.111328125,33866061747
1679011200,25055.123046875,27423.9296875,27787.8125,24955.169921875,50730261335
1679097600,27448.1171875,26965.87890625,27725.953125,26636.26171875,35723036817
1679184000,26969.50390625,28038.67578125,28440.560546875,26907.716796875,37769448859
1679270400,28041.6015625,27767.236328125,28527.724609375,27242.880859375,44774027664
1679356800,27768.392578125,28175.81640625,28439.5625,27439.646484375,36102192830
1679443200,28158.720703125,27307.4375,28803.3359375,26759.99609375,33382021890
1679529600,27301.95703125,28333.97265625,28729.84375,27183.36328125,24220433689
1679616000,28324.111328125,27493.28515625,28388.4375,27039.265625,25980310960
1679702400,27487.337890625,27494.70703125,27791.826171875,27196.234375,13383005987
1679788800,27495.5234375,27994.330078125,28178.14453125,27445.046875,13878363192
1679875200,27994.068359375,27139.888671875,28037.92578125,26606.689453125,18188895178
1679961600,27132.888671875,27268.130859375,27460.71875,26677.818359375,17783600385
1680048000,27267.03125,28348.44140625,28619.54296875,27259.662109375,20684945906
1680134400,28350.140625,28033.5625,29159.90234375,27720.16015625,22435349951
1680220800,28032.26171875,28478.484375,28639.896484375,27583.71484375,19001327598
1680307200,28473.33203125,28411.03515625,28802.45703125,28297.171875,10876469901
1680393600,28462.845703125,28199.30859375,28518.958984375,27884.087890625,12284641999
1680480000,28183.080078125,27790.220703125,28475.623046875,27276.720703125,19556501327
1680566400,27795.2734375,28168.08984375,28433.7421875,27681.3046875,15284538859
1680652800,28169.7265625,28177.984375,28739.23828125,27843.763671875,17052315986
1680739200,28175.2265625,28044.140625,28178.384765625,27738.759765625,13837809380
1680825600,28038.966796875,27925.859375,28111.59375,27794.03125,10861680497
1680912000,27920.513671875,27947.794921875,28159.86328125,27883.38671875,9373255556
1680998400,27952.3671875,28333.05078125,28532.830078125,27828.48046875,12175322951
1681084800,28336.02734375,29652.98046875,29771.46484375,28189.271484375,19282400094
1681171200,29653.6796875,30235.05859375,30509.083984375,29609.30078125,20121259843
1681257600,30231.58203125,30139.052734375,30462.48046875,29725.57421875,18651929926
1681344000,29892.740234375,30399.06640625,30539.845703125,29878.623046875,17487721001
1681430400,30409.5625,30485.69921875,31005.607421875,30044.498046875,22659995079
1681516800,30490.75,30318.49609375,30601.740234375,30245.8828125,11940685378
1681603200,30315.9765625,30315.35546875,30555.537109375,30157.83203125,12854816417
1681689600,30317.146484375,29445.044921875,30319.197265625,29275.37109375,17872186762
1681776000,29449.091796875,30397.552734375,30470.302734375,29154.849609375,19480529496
1681862400,30394.1875,28822.6796875,30411.0546875,28669.8984375,24571565421
1681948800,28823.68359375,28245.98828125,29076.400390625,28037.2578125,21340360360
1682035200,28249.23046875,27276.91015625,28349.96875,27177.365234375,20759504330
1682121600,27265.89453125,27817.5,27872.142578125,27169.5703125,13125734602
1682208000,27816.14453125,27591.384765625,27820.244140625,27400.314453125,12785446832
1682294400,27591.73046875,27525.33984375,27979.982421875,27070.849609375,17703288330
1682380800,27514.873046875,28307.59765625,28371.078125,27207.931640625,17733373139
1682467200,28300.05859375,28422.701171875,29995.837890625,27324.548828125,31854242019
1682553600,28428.46484375,29473.787109375,29871.546875,28402.88671875,27153445027
1682640000,29481.013671875,29340.26171875,29572.791015625,28929.609375,17544464887
1682726400,29336.56640625,29248.48828125,29452.455078125,29088.04296875,10662634333
1682812800,29245.515625,29268.806640625,29952.029296875,29114.021484375,14652199272
1682899200,29227.103515625,28091.568359375,29329.935546875,27680.79296875,18655599976
1682985600,28087.17578125,28680.537109375,28881.298828125,27924.123046875,16432924527
1683072000,28680.494140625,29006.30859375,29259.533203125,28178.388671875,19122972518
1683158400,29031.3046875,28847.7109375,29353.185546875,28694.0390625,15548678514
1683244800,28851.48046875,29534.384765625,29668.908203125,28845.509765625,17936566518
1683331200,29538.859375,28904.623046875,29820.126953125,28468.966796875,15913866714
1683417600,28901.623046875,28454.978515625,29157.517578125,28441.3671875,11301355486
1683504000,28450.45703125,27694.2734375,28663.271484375,27310.134765625,19122903752
1683590400,27695.068359375,27658.775390625,27821.400390625,27375.6015625,14128593256
1683676800,27654.63671875,27621.755859375,28322.6875,26883.669921875,20656025026
1683763200,27621.0859375,27000.7890625,27621.94140625,26781.826171875,16724343943
1683849600,26987.662109375,26804.990234375,27055.646484375,25878.4296875,19313599897
1683936000,26807.76953125,26784.078125,27030.482421875,26710.873046875,9999171605
1684022400,26788.974609375,26930.638671875,27150.9765625,26661.35546875,10014858959
1684108800,26931.384765625,27192.693359375,27646.34765625,26766.09765625,14413231792
1684195200,27171.513671875,27036.650390625,27299.3046875,26878.947265625,12732238816
1684281600,27035.470703125,27398.802734375,27465.927734375,26600.14453125,15140006925
1684368000,27401.650390625,26832.208984375,27466.52734375,26415.1015625,15222938600
1684454400,26826.75390625,26890.12890625,27128.619140625,26700.2109375,11258983301
1684540800,26888.841796875,27129.5859375,27155.158203125,26843.27734375,7044911360
1684627200,27118.423828125,26753.826171875,27265.91796875,26706.921875,8647416921
1684713600,26749.892578125,26851.27734375,27045.734375,26549.734375,11056770492
1684800000,26855.9609375,27225.7265625,27434.68359375,26816.1796875,13697203143
1684886400,27224.603515625,26334.818359375,27224.603515625,26106.576171875,16299104428
1684972800,26329.4609375,26476.20703125,26591.51953125,25890.59375,13851122697
1685059200,26474.181640625,26719.291015625,26916.669921875,26343.94921875,12711619225
1685145600,26720.181640625,26868.353515625,26888.8828125,26621.140625,7892015141
1685232000,26871.158203125,28085.646484375,28193.44921875,26802.751953125,14545229578
1685318400,28075.591796875,27745.884765625,28432.0390625,27563.876953125,15181308984
1685404800,27745.123046875,27702.349609375,28044.759765625,27588.501953125,13251081851
1685491200,27700.529296875,27219.658203125,27831.677734375,26866.453125,15656371534
1685577600,27218.412109375,26819.97265625,27346.10546875,26671.720703125,14678970415
1685664000,26824.556640625,27249.58984375,27303.861328125,26574.64453125,14837415000
1685750400,27252.32421875,27075.12890625,27317.052734375,26958.00390625,8385597470
1685836800,27075.123046875,27119.06640625,27407.01953125,26968.224609375,9360912318
1685923200,27123.109375,25760.09765625,27129.982421875,25445.16796875,21513292646
1686009600,25732.109375,27238.783203125,27313.8203125,25434.8671875,21929670693
1686096000,27235.650390625,26345.998046875,27332.181640625,26146.98828125,19530045082
1686182400,26347.654296875,26508.216796875,26797.513671875,26246.6640625,11904824295
1686268800,26505.923828125,26480.375,26770.2890625,26339.314453125,11015551640
1686355200,26481.76171875,25851.240234375,26531.044921875,25501.8359375,19872933189
1686441600,25854.03125,25940.16796875,26203.439453125,25668.986328125,10732609603
1686528000,25934.28515625,25902.5,26087.919921875,25675.197265625,11677889997
1686614400,25902.94140625,25918.728515625,26376.3515625,25728.365234375,14143474486
1686700800,25920.2578125,25124.67578125,26041.80078125,24902.15234375,14265717766
1686787200,25121.673828125,25576.39453125,25735.30859375,24797.16796875,15837384409
1686873600,25575.283203125,26327.462890625,26463.173828125,25245.357421875,16324646965
1686960000,26328.6796875,26510.67578125,26769.39453125,26174.4921875,11090276850
1687046400,26510.45703125,26336.212890625,26675.92578125,26325.890625,9565695129
1687132800,26335.44140625,26851.029296875,26984.611328125,26312.83203125,12826986222
1687219200,26841.6640625,28327.48828125,28388.96875,26668.791015625,22211859147
1687305600,28311.310546875,30027.296875,30737.330078125,28283.41015625,33346760979
1687392000,29995.935546875,29912.28125,30495.998046875,29679.158203125,20653160491
1687478400,29896.3828125,30695.46875,31389.5390625,29845.21484375,24115570085
1687564800,30708.73828125,30548.6953125,30804.1484375,30290.146484375,12147822496
1687651200,30545.150390625,30480.26171875,31041.271484375,30327.943359375,12703464114
1687737600,30480.5234375,30271.130859375,30636.029296875,29955.744140625,16493186997
1687824000,30274.3203125,30688.1640625,31006.787109375,30236.650390625,16428827944
1687910400,30696.560546875,30086.24609375,30703.279296875,29921.822265625,14571500779
1687996800,30086.1875,30445.3515625,30796.25,30057.203125,13180860821
1688083200,30441.353515625,30477.251953125,31256.86328125,29600.275390625,26387306197
1688169600,30471.84765625,30590.078125,30641.2890625,30328.865234375,9086606733
1688256000,30587.26953125,30620.76953125,30766.140625,30264.01953125,10533418042
1688342400,30624.515625,31156.439453125,31375.61328125,30586.513671875,15271884873
1688428800,31156.865234375,30777.58203125,31325.197265625,30659.35546875,12810828427
1688515200,30778.724609375,30514.166015625,30877.330078125,30225.61328125,12481622280
1688601600,30507.150390625,29909.337890625,31460.052734375,29892.2265625,21129219509
1688688000,29907.998046875,30342.265625,30434.64453125,29777.28515625,13384770155
1688774400,30346.921875,30292.541015625,30374.4375,30080.16015625,7509378699
1688860800,30291.611328125,30171.234375,30427.58984375,30085.591796875,7903327692
1688947200,30172.423828125,30414.470703125,31026.083984375,29985.39453125,14828209155
1689033600,30417.6328125,30620.951171875,30788.314453125,30358.09765625,12151839152
1689120000,30622.24609375,30391.646484375,30959.96484375,30228.8359375,14805659717
1689206400,30387.48828125,31476.048828125,31814.515625,30268.3515625,23686079548
1689292800,31474.720703125,30334.068359375,31582.25390625,29966.38671875,20917902660
1689379200,30331.783203125,30295.806640625,30407.78125,30263.462890625,8011667756
1689465600,30297.47265625,30249.1328125,30437.560546875,30089.669921875,8516564470
1689552000,30249.626953125,30145.888671875,30336.400390625,29685.783203125,13240156074
1689638400,30147.0703125,29856.5625,30233.65625,29556.427734375,13138897269
1689724800,29862.046875,29913.923828125,30184.181640625,29794.26953125,12128602812
1689811200,29915.25,29792.015625,30195.53125,29638.095703125,14655207121
1689897600,29805.111328125,29908.744140625,30045.998046875,29733.8515625,10972789818
1689984000,29908.697265625,29771.802734375,29991.615234375,29664.12109375,7873300598
1690070400,29790.111328125,30084.5390625,30330.640625,29741.52734375,9220145050
1690156800,30081.662109375,29176.916015625,30093.39453125,28934.294921875,15395817395
1690243200,29178.970703125,29227.390625,29353.16015625,29062.43359375,10266772793
1690329600,29225.759765625,29354.97265625,29675.552734375,29113.912109375,13497554655
1690416000,29353.798828125,29210.689453125,29560.966796875,29099.3515625,10770779217
1690502400,29212.1640625,29319.24609375,29521.513671875,29125.845703125,11218474952
1690588800,29319.4453125,29356.91796875,29396.84375,29264.166015625,6481775959
1690675200,29357.09375,29275.30859375,29443.169921875,29059.501953125,8678454527
1690761600,29278.314453125,29230.111328125,29489.873046875,29131.578125,11656781982
1690848000,29230.873046875,29675.732421875,29675.732421875,28657.0234375,18272392391
1690934400,29704.146484375,29151.958984375,29987.998046875,28946.509765625,19212655598
1691020800,29161.8125,29178.6796875,29375.70703125,28959.48828125,12780357746
1691107200,29174.3828125,29074.091796875,29302.078125,28885.3359375,12036639988
1691193600,29075.388671875,29042.126953125,29102.46484375,28957.796875,6598366353
1691280000,29043.701171875,29041.85546875,29160.822265625,28963.833984375,7269806994
1691366400,29038.513671875,29180.578125,29244.28125,28724.140625,13618163710
1691452800,29180.01953125,29765.4921875,30176.796875,29113.814453125,17570561357
1691539200,29766.6953125,29561.494140625,30093.435546875,29376.80078125,18379521213
1691625600,29563.97265625,29429.591796875,29688.564453125,29354.447265625,11865344789
1691712000,29424.90234375,29397.71484375,29517.7734375,29253.517578125,10195168197
1691798400,29399.787109375,29415.96484375,29465.11328125,29357.587890625,6194358008
1691884800,29416.59375,29282.9140625,29441.43359375,29265.806640625,7329897180
1691971200,29283.263671875,29408.443359375,29660.25390625,29124.10546875,14013695304
1692057600,29408.048828125,29170.34765625,29439.12109375,29088.853515625,12640195779
1692144000,29169.07421875,28701.779296875,29221.9765625,28701.779296875,14949271904
1692230400,28699.802734375,26664.55078125,28745.947265625,25409.111328125,31120851211
1692316800,26636.078125,26049.556640625,26808.1953125,25668.921875,24026236529
1692403200,26047.83203125,26096.205078125,26249.44921875,25802.408203125,10631443812
1692489600,26096.861328125,26189.583984375,26260.681640625,26004.314453125,9036580420
1692576000,26188.69140625,26124.140625,26220.201171875,25846.087890625,13371557893
1692662400,26130.748046875,26031.65625,26135.5078125,25520.728515625,14503820706
1692748800,26040.474609375,26431.640625,26786.8984375,25804.998046875,16985265785
1692835200,26431.51953125,26162.373046875,26554.91015625,25914.92578125,12871532023
1692921600,26163.6796875,26047.66796875,26248.103515625,25786.8125,12406045118
1693008000,26047.234375,26008.462890625,26107.384765625,25983.87890625,6034817316
1693094400,26008.2421875,26089.693359375,26165.373046875,25965.09765625,6913768611
1693180800,26089.615234375,26106.150390625,26198.578125,25880.599609375,11002805166
1693267200,26102.486328125,27727.392578125,28089.337890625,25912.62890625,29368391712
1693353600,27726.083984375,27297.265625,27760.16015625,27069.20703125,16343655235
1693440000,27301.9296875,25931.47265625,27456.078125,25752.9296875,20181001451
1693526400,25934.021484375,25800.724609375,26125.869140625,25362.609375,17202862221
1693612800,25800.91015625,25868.798828125,25970.28515625,25753.09375,10100387473
1693699200,25869.47265625,25969.56640625,26087.1484375,25817.03125,8962524523
1693785600,25968.169921875,25812.416015625,26081.525390625,25657.025390625,10680635106
1693872000,25814.95703125,25779.982421875,25858.375,25589.98828125,11094740040
1693958400,25783.931640625,25753.236328125,25953.015625,25404.359375,12752705327
1694044800,25748.3125,26240.1953125,26409.302734375,25608.201171875,11088307100
1694131200,26245.208984375,25905.654296875,26414.005859375,25677.48046875,10817356400
1694217600,25905.42578125,25895.677734375,25921.9765625,25810.494140625,5481314132
1694304000,25895.2109375,25832.2265625,25978.130859375,25640.26171875,7899553047
1694390400,25831.71484375,25162.654296875,25883.947265625,24930.296875,14600006467
1694476800,25160.658203125,25833.34375,26451.939453125,25133.078125,18657279324
1694563200,25837.5546875,26228.32421875,26376.11328125,25781.123046875,13072077070
1694649600,26228.27734375,26539.673828125,26774.623046875,26171.451171875,13811359124
1694736000,26533.818359375,26608.693359375,26840.498046875,26240.701171875,11479735788
1694822400,26606.19921875,26568.28125,26754.76953125,26473.890625,7402031417
1694908800,26567.927734375,26534.1875,26617.998046875,26445.07421875,6774210670
1694995200,26532.994140625,26754.28125,27414.734375,26415.515625,15615339655
1695081600,26760.8515625,27211.1171875,27488.763671875,26681.60546875,13807690550
1695168000,27210.228515625,27132.0078125,27379.505859375,26864.08203125,13281116604
1695254400,27129.83984375,26567.6328125,27152.939453125,26389.30078125,13371443708
1695340800,26564.056640625,26579.568359375,26726.078125,26495.533203125,10578746709
1695427200,26578.556640625,26579.390625,26634.185546875,26520.51953125,7404700301
1695513600,26579.373046875,26256.826171875,26716.05859375,26221.05078125,8192867686
1695600000,26253.775390625,26298.48046875,26421.5078125,26011.46875,11997833257
1695686400,26294.7578125,26217.25,26389.884765625,26090.712890625,9985498161
1695772800,26209.498046875,26352.716796875,26817.841796875,26111.46484375,11718380997
1695859200,26355.8125,27021.546875,27259.5,26327.322265625,14079002707
1695945600,27024.841796875,26911.720703125,27225.9375,26721.763671875,10396435377
1696032000,26911.689453125,26967.916015625,27091.794921875,26888.96875,5331172801
1696118400,26967.396484375,27983.75,28047.23828125,26965.09375,9503917434
1696204800,27976.798828125,27530.78515625,28494.458984375,27347.787109375,19793041322
1696291200,27508.251953125,27429.978515625,27667.19140625,27216.001953125,11407814187
1696377600,27429.07421875,27799.39453125,27826.658203125,27248.10546875,11143355314
1696464000,27798.646484375,27415.912109375,28091.861328125,27375.6015625,11877253670
1696550400,27412.123046875,27946.59765625,28252.537109375,27215.552734375,13492391599
1696636800,27946.78125,27968.83984375,28028.091796875,27870.423828125,6553044316
1696723200,27971.677734375,27935.08984375,28102.169921875,27740.662109375,7916875290
1696809600,27934.47265625,27583.677734375,27989.470703125,27302.5625,12007668568
1696896000,27589.201171875,27391.01953125,27715.84765625,27301.654296875,9973350678
1696982400,27392.076171875,26873.3203125,27474.115234375,26561.099609375,13648094333
1697068800,26873.29296875,26756.798828125,26921.439453125,26558.3203125,9392909295
1697155200,26752.87890625,26862.375,27092.697265625,26686.322265625,15165312851
1697241600,26866.203125,26861.70703125,26969.0,26814.5859375,5388116782
1697328000,26858.01171875,27159.65234375,27289.169921875,26817.89453125,7098201980
1697414400,27162.62890625,28519.466796875,29448.138671875,27130.47265625,27833876539
1697500800,28522.09765625,28415.748046875,28618.751953125,28110.185546875,14872527508
1697587200,28413.53125,28328.341796875,28889.009765625,28174.251953125,12724128586
1697673600,28332.416015625,28719.806640625,28892.474609375,28177.98828125,14448058195
1697760000,28732.8125,29682.94921875,30104.0859375,28601.669921875,21536125230
1697846400,29683.380859375,29918.412109375,30287.482421875,29481.751953125,11541146996
1697932800,29918.654296875,29993.896484375,30199.43359375,29720.3125,10446520040
1698019200,30140.685546875,33086.234375,34370.4375,30097.828125,38363572311
1698105600,33077.3046875,33901.52734375,35150.43359375,32880.76171875,44934999645
1698192000,33916.04296875,34502.8203125,35133.7578125,33709.109375,25254318008
1698278400,34504.2890625,34156.6484375,34832.91015625,33762.32421875,19427195376
1698364800,34156.5,33909.80078125,34238.2109375,33416.88671875,16418032871
1698451200,33907.72265625,34089.57421875,34399.390625,33874.8046875,10160330825
1698537600,34089.37109375,34538.48046875,34743.26171875,33947.56640625,11160323986
1698624000,34531.7421875,34502.36328125,34843.93359375,34110.97265625,17184860315
1698710400,34500.078125,34667.78125,34719.25390625,34083.30859375,15758270810
1698796800,34657.2734375,35437.25390625,35527.9296875,34170.69140625,22446272005
1698883200,35441.578125,34938.2421875,35919.84375,34401.57421875,20998158544
1698969600,34942.47265625,34732.32421875,34942.47265625,34133.44140625,17158456701
1699056000,34736.32421875,35082.1953125,35256.03125,34616.69140625,9561294264
1699142400,35090.01171875,35049.35546875,35340.33984375,34594.2421875,12412743996
1699228800,35044.7890625,35037.37109375,35286.02734375,34765.36328125,12693436420
1699315200,35047.79296875,35443.5625,35892.41796875,34545.81640625,18834737789
1699401600,35419.4765625,35655.27734375,35994.41796875,35147.80078125,17295394918
1699488000,35633.6328125,36693.125,37926.2578125,35592.1015625,37762672382
1699574400,36702.25,37313.96875,37493.80078125,36362.75390625,22711265155
1699660800,37310.0703125,37138.05078125,37407.09375,36773.66796875,13924272142
1699747200,37133.9921875,37054.51953125,37227.69140625,36779.1171875,11545715999
1699833600,37070.3046875,36502.35546875,37405.1171875,36399.60546875,19057712790
1699920000,36491.7890625,35537.640625,36753.3515625,34948.5,23857403554
1700006400,35548.11328125,37880.58203125,37964.89453125,35383.78125,27365821679
1700092800,37879.98046875,36154.76953125,37934.625,35545.47265625,26007385366
1700179200,36164.82421875,36596.68359375,36704.484375,35901.234375,22445028430
1700265600,36625.37109375,36585.703125,36839.28125,36233.3125,11886022717
1700352000,36585.765625,37386.546875,37509.35546875,36414.59765625,12915986553
1700438400,37374.07421875,37476.95703125,37756.8203125,36882.53125,20888209068
1700524800,37469.16015625,35813.8125,37631.140625,35813.8125,25172163756
1700611200,35756.5546875,37432.33984375,37856.98046875,35670.97265625,24397247860
1700697600,37420.43359375,37289.62109375,37643.91796875,36923.86328125,14214948217
1700784000,37296.31640625,37720.28125,38415.33984375,37261.60546875,22922957823
1700870400,37721.4140625,37796.79296875,37892.4296875,37617.41796875,9099571165
1700956800,37796.828125,37479.12109375,37820.30078125,37162.75,13744796068
1701043200,37454.19140625,37254.16796875,37559.35546875,36750.12890625,19002925720
1701129600,37247.9921875,37831.0859375,38368.48046875,36891.08984375,21696137014
1701216000,37826.10546875,37858.4921875,38366.11328125,37612.6328125,20728546658
1701302400,37861.1171875,37712.74609375,38141.75390625,37531.140625,18115982627
1701388800,37718.0078125,38688.75,38954.109375,37629.359375,23512784002
1701475200,38689.27734375,39476.33203125,39678.9375,38652.59375,15534035612
1701561600,39472.20703125,39978.390625,40135.60546875,39298.1640625,15769696322
1701648000,39978.62890625,41980.09765625,42371.75,39978.62890625,39856129827
1701734400,41986.265625,44080.6484375,44408.6640625,41421.1484375,36312154535
1701820800,44080.0234375,43746.4453125,44265.76953125,43478.08203125,29909761586
1701907200,43769.1328125,43292.6640625,44042.58984375,42880.6484375,27635760671
1701993600,43293.13671875,44166.6015625,44705.515625,43125.296875,24421116687
1702080000,44180.01953125,43725.984375,44361.2578125,43627.59765625,17368210171
1702166400,43728.3828125,43779.69921875,44034.625,43593.28515625,13000481418
1702252800,43792.01953125,41243.83203125,43808.375,40234.578125,40632672038
1702339200,41238.734375,41450.22265625,42048.3046875,40667.5625,24779520132
1702425600,41468.46484375,42890.7421875,43429.78125,40676.8671875,26797884674
1702512000,42884.26171875,43023.97265625,43390.859375,41767.08984375,25578530178
1702598400,43028.25,41929.7578125,43087.82421875,41692.96875,19639442462
1702684800,41937.7421875,42240.1171875,42664.9453125,41723.11328125,14386729590
1702771200,42236.109375,41364.6640625,42359.49609375,41274.54296875,16678702876
1702857600,41348.203125,42623.5390625,42720.296875,40530.2578125,25224642008
1702944000,42641.51171875,42270.52734375,43354.296875,41826.3359375,23171001281
1703030400,42261.30078125,43652.25,44275.5859375,42223.81640625,27868908174
1703116800,43648.125,43869.15234375,44240.66796875,43330.05078125,22452766169
1703203200,43868.98828125,43997.90234375,44367.95703125,43441.96875,21028503216
1703289600,44012.19921875,43739.54296875,44015.69921875,43351.35546875,13507796558
1703376000,43728.3671875,43016.1171875,43945.5234375,42786.91796875,18830554085
1703462400,43010.57421875,43613.140625,43765.09375,42765.76953125,21115795370
1703548800,43599.84765625,42520.40234375,43603.17578125,41676.48828125,30026850982
1703635200,42518.46875,43442.85546875,43683.16015625,42167.58203125,25260941032
1703721600,43468.19921875,42627.85546875,43804.78125,42318.55078125,22992093014
1703808000,42614.64453125,42099.40234375,43124.32421875,41424.0625,26000021055
1703894400,42091.75390625,42156.90234375,42584.125,41556.2265625,16013925945
1703980800,42152.09765625,42265.1875,42860.9375,41998.25390625,16397498810
1704067200,42280.234375,44167.33203125,44175.4375,42214.9765625,18426978443
1704153600,44187.140625,44957.96875,45899.70703125,44176.94921875,39335274536
1704240000,44961.6015625,42848.17578125,45503.2421875,40813.53515625,46342323118
1704326400,42855.81640625,44179.921875,44770.0234375,42675.17578125,30448091210
1704412800,44192.98046875,44162.69140625,44353.28515625,42784.71875,32336029347
1704499200,44178.953125,43989.1953125,44227.6328125,43475.15625,16092503468
1704585600,43998.46484375,43943.09765625,44495.5703125,43662.23046875,19330573863
1704672000,43948.70703125,46970.50390625,47218.0,43244.08203125,42746192015
1704758400,46987.640625,46139.73046875,47893.69921875,45244.71484375,39821290992
1704844800,46121.5390625,46627.77734375,47647.22265625,44483.15234375,50114613298
1704931200,46656.07421875,46368.5859375,48969.37109375,45678.64453125,45833734549
1705017600,46354.79296875,42853.16796875,46498.13671875,41903.76953125,43332698900
1705104000,42799.4453125,42842.3828125,43234.66015625,42464.14453125,20601860469
1705190400,42842.26171875,41796.26953125,43065.59765625,41724.61328125,17521429522
1705276800,41715.06640625,42511.96875,43319.72265625,41705.41796875,22320220558
1705363200,42499.3359375,43154.9453125,43566.2734375,42085.99609375,24062872740
1705449600,43132.1015625,42742.65234375,43189.890625,42189.30859375,20851232595
1705536000,42742.3125,41262.05859375,42876.34765625,40631.171875,25218357242
1705622400,41278.4609375,41618.40625,42134.16015625,40297.45703125,25752407154
1705708800,41624.58984375,41665.5859375,41877.89453125,41446.82421875,11586690904
1705795200,41671.48828125,41545.78515625,41855.3671875,41497.0078125,9344043642
1705881600,41553.65234375,39507.3671875,41651.20703125,39450.1171875,31338708143
1705968000,39518.71484375,39845.55078125,40127.3515625,38521.89453125,29244553045
1706054400,39877.59375,40077.07421875,40483.78515625,39508.796875,22359526178
1706140800,40075.55078125,39933.80859375,40254.48046875,39545.6640625,18491782013
1706227200,39936.81640625,41816.87109375,42209.38671875,39825.69140625,25598119893
1706313600,41815.625,42120.0546875,42195.6328125,41431.28125,11422941934
1706400000,42126.125,42035.59375,42797.17578125,41696.91015625,16858971687
1706486400,42030.9140625,43288.24609375,43305.8671875,41818.33203125,20668476578
1706572800,43300.2265625,42952.609375,43838.9453125,42711.37109375,23842814518
1706659200,42946.25,42582.60546875,43717.40625,42298.9453125,24673628793
1706745600,42569.76171875,43075.7734375,43243.16796875,41879.19140625,21423953779
1706832000,43077.640625,43185.859375,43422.48828125,42584.3359375,18603843039
1706918400,43184.96484375,42992.25,43359.94140625,42890.80859375,11169245236
1707004800,42994.94140625,42583.58203125,43097.64453125,42374.83203125,14802225490
1707091200,42577.62109375,42658.66796875,43494.25,42264.81640625,18715487317
1707177600,42657.390625,43084.671875,43344.1484375,42529.01953125,16798476726
1707264000,43090.01953125,44318.22265625,44341.94921875,42775.95703125,21126587775
1707350400,44332.125,45301.56640625,45575.83984375,44332.125,26154524080
1707436800,45297.3828125,47147.19921875,48152.49609375,45260.82421875,39316770844
1707523200,47153.52734375,47771.27734375,48146.171875,46905.3203125,16398681570
1707609600,47768.96875,48293.91796875,48535.9375,47617.40625,19315867136
1707696000,48296.38671875,49958.22265625,50280.4765625,47745.76171875,34511985805
1707782400,49941.359375,49742.44140625,50358.390625,48406.49609375,35593051468
1707868800,49733.4453125,51826.6953125,52021.37109375,49296.83203125,39105608050
1707955200,51836.78515625,51938.5546875,52820.06640625,51371.62890625,38564360533
1708041600,51937.7265625,52160.203125,52537.96875,51641.3671875,28180567298
1708128000,52161.67578125,51662.99609375,52191.9140625,50669.66796875,20009091006
1708214400,51661.96875,52122.546875,52356.96484375,51233.70703125,17595377311
1708300800,52134.8125,51779.14453125,52483.32421875,51711.8203125,21362184346
1708387200,51777.7265625,52284.875,52945.05078125,50792.3125,33353758256
1708473600,52273.53515625,51839.1796875,52368.81640625,50671.7578125,28624907020
1708560000,51854.64453125,51304.97265625,52009.61328125,50926.29296875,25413900611
1708646400,51283.90625,50731.94921875,51497.93359375,50561.77734375,21427078270
1708732800,50736.37109375,51571.1015625,51684.1953125,50585.4453125,15174077879
1708819200,51565.21484375,51733.23828125,51950.02734375,51306.171875,15413239245
1708905600,51730.5390625,54522.40234375,54938.17578125,50931.03125,34074411896
1708992000,54519.36328125,57085.37109375,57537.83984375,54484.19921875,49756832031
1709078400,57071.09765625,62504.7890625,63913.1328125,56738.42578125,83239156760
1709164800,62499.18359375,61198.3828125,63585.64453125,60498.73046875,65496611844
1709251200,61168.0625,62440.6328125,63155.1015625,60802.52734375,40186368423
1709337600,62431.65234375,62029.84765625,62458.69921875,61657.2890625,23888473685
1709424000,62031.578125,63167.37109375,63230.2109375,61435.0234375,26253811450
1709510400,63137.00390625,68330.4140625,68537.03125,62386.51953125,70670471105
1709596800,68341.0546875,63801.19921875,69170.625,59323.91015625,102802940877
1709683200,63776.05078125,66106.8046875,67637.9296875,62848.671875,68750229073
1709769600,66099.7421875,66925.484375,68029.921875,65655.53125,46989543159
1709856000,66938.09375,68300.09375,70083.0546875,66230.453125,59202881172
1709942400,68299.2578125,68498.8828125,68673.0546875,68053.125,21609650379
1710028800,68500.2578125,69019.7890625,70005.203125,68239.9765625,35683977532
1710115200,69020.546875,72123.90625,72850.7109375,67194.8828125,65716656765
1710201600,72125.125,71481.2890625,72825.65625,68728.8515625,62554434520
1710288000,71482.1171875,73083.5,73637.4765625,71334.09375,48212536929
1710374400,73079.375,71396.59375,73750.0703125,68563.0234375,59594605698
1710460800,71387.875,69403.7734375,72357.1328125,65630.6953125,78320453976
1710547200,69392.484375,65315.1171875,70046.2734375,64801.39453125,46842198371
1710633600,65316.34375,68390.625,68845.71875,64545.31640625,44716864318
1710720000,68371.3046875,67548.59375,68897.1328125,66594.2265625,49261579492
1710806400,67556.1328125,61912.7734375,68106.9296875,61536.1796875,74215844794
1710892800,61930.15625,67913.671875,68115.2578125,60807.78515625,66792634382
1710979200,67911.5859375,65491.390625,68199.9921875,64580.91796875,44480350565
1711065600,65489.9296875,63778.76171875,66623.75,62355.37109375,41401116964
1711152000,63802.72265625,64062.203125,65976.3984375,63038.4921875,24738964812
1711238400,64070.75390625,67234.171875,67622.7578125,63825.8515625,27206630673
1711324800,67234.09375,69958.8125,71162.59375,66414.8359375,42700139523
1711411200,69931.328125,69987.8359375,71535.7421875,69335.609375,36010437368
1711497600,69991.8984375,69455.34375,71727.6875,68381.9296875,40827113309
1711584000,69452.7734375,70744.953125,71546.0234375,68895.5078125,34374900617
1711670400,70744.796875,69892.828125,70913.09375,69076.65625,25230851763
1711756800,69893.4453125,69645.3046875,70355.4921875,69601.0625,17130241883
1711843200,69647.78125,71333.6484375,71377.78125,69624.8671875,20050941373
1711929600,71333.484375,69702.1484375,71342.09375,68110.6953125,34873527352
1712016000,69705.0234375,65446.97265625,69708.3828125,64586.59375,50705240709
1712102400,65446.671875,65980.8125,66914.3203125,64559.8984375,34488018367
1712188800,65975.6953125,68508.84375,69291.2578125,65113.796875,34439527442
1712275200,68515.7578125,67837.640625,68725.7578125,66011.4765625,33748230056
1712361600,67840.5703125,68896.109375,69629.6015625,67491.71875,19967785809
1712448000,68897.109375,69362.5546875,70284.4296875,68851.6328125,21204930369
1712534400,69362.5546875,71631.359375,72715.359375,69064.2421875,37261432669
1712620800,71632.5,69139.015625,71742.5078125,68212.921875,36426900409
1712707200,69140.2421875,70587.8828125,71093.4296875,67503.5625,38318601774
1712793600,70575.734375,70060.609375,71256.234375,69571.8125,30153382941
1712880000,70061.3828125,67195.8671875,71222.7421875,65254.8359375,44129299406
1712966400,67188.375,63821.47265625,67931.4296875,60919.10546875,52869738185
1713052800,63836.23046875,65738.7265625,65824.4296875,62205.8515625,49084320047
1713139200,65739.6484375,63426.2109375,66878.6484375,62332.0703125,43595917654
1713225600,63419.296875,63811.86328125,64355.66796875,61716.40234375,42847528078
1713312000,63831.84765625,61276.69140625,64486.36328125,59768.5859375,41915247049
1713398400,61275.31640625,63512.75390625,64125.6875,60833.48046875,36006307335
1713484800,63510.75,63843.5703125,65481.59765625,59651.390625,49920425401
1713571200,63851.1015625,64994.44140625,65442.45703125,63172.40234375,23097485495
1713657600,64992.81640625,64926.64453125,65723.2421875,64277.72265625,20506644853
1713744000,64935.6328125,66837.6796875,67233.9609375,64548.1796875,28282686673
1713830400,66839.890625,66407.2734375,67199.2421875,65864.8671875,24310975583
1713916800,66408.71875,64276.8984375,67075.3671875,63589.87109375,30276655120
1714003200,64275.01953125,64481.70703125,65275.20703125,62783.6328125,32155786816
1714089600,64485.37109375,63755.3203125,64789.65625,63322.3984375,24139372950
1714176000,63750.98828125,63419.140625,63898.36328125,62424.71875,19530783039
1714262400,63423.515625,63113.23046875,64321.484375,62793.59765625,17334827993
1714348800,63106.36328125,63841.12109375,64174.87890625,61795.45703125,26635912073
1714435200,63839.41796875,60636.85546875,64703.33203125,59120.06640625,37840840057
1714521600,60609.49609375,58254.01171875,60780.5,56555.29296875,48439780271
1714608000,58253.703125,59123.43359375,59602.296875,56937.203125,32711813559
1714694400,59122.30078125,62889.8359375,63320.50390625,58848.3125,33172023048
1714780800,62891.03125,63891.47265625,64494.95703125,62599.3515625,20620477992
1714867200,63892.453125,64031.1328125,64610.890625,62955.3046875,18296164805
1714953600,64038.3125,63161.94921875,65494.90234375,62746.23828125,28697928697
1715040000,63162.76171875,62334.81640625,64390.45703125,62285.98046875,25930730982
1715126400,62332.640625,61187.94140625,62986.0859375,60877.12890625,26088172222
1715212800,61191.19921875,63049.9609375,63404.9140625,60648.07421875,25453338161
1715299200,63055.19140625,60792.77734375,63446.7421875,60208.78125,27804954694
1715385600,60793.35546875,60793.7109375,61451.15234375,60492.625,13842272968
1715472000,60793.50390625,61448.39453125,61818.15625,60632.6015625,13800459405
1715558400,61451.21875,62901.44921875,63422.66015625,60769.83984375,27889181179
1715644800,62900.7734375,61552.7890625,63092.125,61123.765625,28186271527
1715731200,61553.98828125,66267.4921875,66454.453125,61330.41015625,39815167074
1715817600,66256.109375,65231.58203125,66712.4296875,64613.0546875,31573077994
1715904000,65231.296875,67051.875,67459.4609375,65119.31640625,28031279310
1715990400,67066.2109375,66940.8046875,67387.328125,66663.5,16712277406
1716076800,66937.9296875,66278.3671875,67694.296875,65937.1796875,19249094538
1716163200,66278.7421875,71448.1953125,71483.5625,66086.171875,43850655717
1716249600,71443.0625,70136.53125,71946.4609375,69191.125,46932005990
1716336000,70135.3203125,69122.3359375,70623.6953125,68977.6953125,32802561717
1716422400,69121.3046875,67929.5625,70041.2734375,66356.953125,41895680979
1716508800,67928.1328125,68526.1015625,69220.296875,66622.671875,29197308153
1716595200,68526.921875,69265.9453125,69579.3203125,68515.8203125,15473071741
1716681600,69264.2890625,68518.09375,69506.2265625,68183.890625,15628433737
1716768000,68512.1796875,69394.5546875,70597.8828125,68232.5,25870990717
1716854400,69392.1953125,68296.21875,69514.640625,67227.15625,32722265965
1716940800,68296.3515625,67578.09375,68852.4609375,67101.4921875,26707072906
1717027200,67576.0859375,68364.9921875,69500.5390625,67118.078125,29509712534
1717113600,68362.515625,67491.4140625,68999.5625,66633.421875,27387283769
1717200000,67489.609375,67706.9375,67839.765625,67386.1953125,11641495604
1717286400,67710.2734375,67751.6015625,68409.1640625,67315.5234375,17110588415
1717372800,67753.8984375,68804.78125,70230.8203125,67589.8359375,32401285324
1717459200,68804.5703125,70567.765625,71047.40625,68564.640625,33149696545
1717545600,70568.3515625,71082.8203125,71735.4140625,70390.7109375,32810771409
1717632000,71082.84375,70757.1640625,71625.734375,70119.125,25223152007
1717718400,70759.1875,69342.5859375,71907.8515625,68507.2578125,36188381096
1717804800,69324.1796875,69305.7734375,69533.3203125,69210.7421875,14262185861
1717891200,69297.4921875,69647.9921875,69817.5234375,69160.84375,13534028500
1717977600,69644.3125,69512.28125,70146.0703125,69232.421875,20597699541
1718064000,69508.078125,67332.03125,69549.4140625,66123.6015625,37116136345
1718150400,67321.375,68241.1875,69977.890625,66902.453125,34497940694
1718236800,68243.1015625,66756.3984375,68365.78125,66304.5625,28955204146
1718323200,66747.5703125,66011.09375,67294.6484375,65056.89453125,27403884779
1718409600,66006.7421875,66191.0,66402.1875,65871.7734375,14121265576
1718496000,66189.359375,66639.046875,66894.84375,66018.25,13281140541
1718582400,66636.515625,66490.296875,67188.3203125,65094.96484375,30006354476
1718668800,66490.9765625,65140.74609375,66556.703125,64066.95703125,39481285950
1718755200,65146.66015625,64960.296875,65695.3515625,64693.30078125,21103423504
1718841600,64960.296875,64828.65625,66438.9609375,64547.84765625,25641109124
1718928000,64837.98828125,64096.19921875,65007.546875,63378.89453125,26188171739
1719014400,64113.86328125,64252.578125,64475.46875,63929.7578125,9858198793
1719100800,64248.96484375,63180.796875,64491.703125,63180.796875,11170471802
1719187200,63173.3515625,60277.4140625,63292.52734375,58601.69921875,43152133651
1719273600,60266.28125,61804.640625,62258.26171875,60239.75,29201215431
1719360000,61789.67578125,60811.27734375,62434.13671875,60695.1875,22506003064
1719446400,60811.2265625,61604.80078125,62293.86328125,60585.33203125,21231745045
1719532800,61612.8046875,60320.13671875,62126.09765625,59985.40234375,24952866877
1719619200,60319.875,60887.37890625,61097.62109375,60300.96484375,12652903396
1719705600,60888.4453125,62678.29296875,62892.828125,60632.94921875,17333226409
1719792000,62673.60546875,62851.98046875,63777.2265625,62495.51171875,25468379421
1719878400,62844.41015625,62029.015625,63203.359375,61752.74609375,20151616992
1719964800,62034.33203125,60173.921875,62187.703125,59419.38671875,29756701685
1720051200,60147.13671875,56977.703125,60399.67578125,56777.8046875,41149609230
1720137600,57022.80859375,56662.375,57497.15234375,53717.375,55417544033
1720224000,56659.07421875,58303.5390625,58472.546875,56038.9609375,20610320577
1720310400,58239.4296875,55849.109375,58371.12109375,55793.32421875,20553359505
1720396800,55849.57421875,56705.09765625,58131.3359375,54321.01953125,39766159899
1720483200,56704.59765625,58009.2265625,58239.1953125,56316.875,27849512607
1720569600,58033.8828125,57742.49609375,59359.43359375,57178.4140625,26175260526
1720656000,57729.890625,57344.9140625,59299.43359375,57120.37890625,28707803842
1720742400,57341.1953125,57899.46484375,58532.5546875,56590.17578125,25604805221
1720828800,57908.73828125,59231.953125,59787.078125,57796.44140625,17080061806
1720915200,59225.25,60787.79296875,61329.52734375,59225.25,22223416061
1721001600,60815.45703125,64870.15234375,64870.15234375,60704.9296875,38094526099
1721088000,64784.41796875,65097.1484375,65354.33984375,62487.96875,41617346768
1721174400,65091.83203125,64118.79296875,66066.734375,63896.0859375,32525071311
1721260800,64104.73828125,63974.06640625,65104.66015625,63246.1640625,27239305337
1721347200,63972.32421875,66710.15625,67442.640625,63329.34375,37003855410
1721433600,66709.921875,67163.6484375,67610.734375,66299.6171875,19029581250
1721520000,67164.9140625,68154.5234375,68372.90625,65842.296875,26652190004
1721606400,68152.9765625,67585.25,68480.0625,66611.296875,42649109453
1721692800,67584.8046875,65927.671875,67779.015625,65484.4609375,35605668666
1721779200,65927.859375,65372.1328125,67113.984375,65146.99609375,27470942309
1721865600,65375.875,65777.2265625,66112.421875,63473.47265625,38315761670
1721952000,65771.8125,67912.0625,68207.6015625,65743.765625,30488630457
1722038400,67911.8125,67813.3359375,69398.5078125,66705.21875,34691905492
1722124800,67808.65625,68255.8671875,68301.8515625,67085.828125,18043166945
1722211200,68259.0546875,66819.9140625,69987.5390625,66532.59375,40780682628
1722297600,66819.0546875,66201.015625,66987.671875,65323.19140625,31380492109
1722384000,66201.2734375,64619.25,66810.2109375,64532.046875,31292785994
1722470400,64625.83984375,65357.5,65593.2421875,62248.94140625,40975554494
1722556800,65353.5,61415.06640625,65523.22265625,61184.89453125,43060875727
1722643200,61414.80859375,60680.09375,62148.37109375,59836.52734375,31753030589
1722729600,60676.09375,58116.9765625,61062.98828125,57210.8046875,31758917219
1722816000,58110.296875,53991.45703125,58268.828125,49121.23828125,108991085584
1722902400,53991.34765625,56034.31640625,57059.91796875,53973.2734375,49300484106
1722988800,56040.6328125,55027.4609375,57726.8828125,54620.5078125,41637562185
1723075200,55030.02734375,61710.13671875,62673.765625,54766.7265625,45298472567
1723161600,61728.20703125,60880.11328125,61751.86328125,59587.859375,33425553115
1723248000,60881.23046875,60945.8125,61464.51171875,60287.56640625,15745822278
1723334400,60944.890625,58719.484375,61778.66015625,58348.82421875,22759754812
1723420800,58719.39453125,59354.515625,60680.33203125,57688.8984375,37078637820
1723507200,59356.20703125,60609.56640625,61572.3984375,58506.25390625,30327698167
1723593600,60611.05078125,58737.26953125,61687.7578125,58472.875,29961696180
1723680000,58733.26171875,57560.09765625,59838.6484375,56161.59375,35682112440
1723766400,57560.2734375,58894.10546875,59847.359375,57110.01953125,29350938673
1723852800,58893.53125,59478.97265625,59694.66796875,58814.83203125,13589684021
1723939200,59468.1328125,58483.96484375,60262.71875,58445.40234375,17740625837
1724025600,58480.7109375,59493.453125,59612.66015625,57864.7109375,25911207712
1724112000,59493.453125,59012.79296875,61396.328125,58610.8828125,31613400008
1724198400,59014.98828125,61175.19140625,61834.3515625,58823.4453125,32731154072
1724284800,61168.31640625,60381.9140625,61408.109375,59815.25390625,27625734377
1724371200,60380.953125,64094.35546875,64947.0625,60372.05078125,42530509233
1724457600,64103.87109375,64178.9921875,64513.7890625,63619.91796875,21430585163
1724544000,64176.3671875,64333.54296875,64996.421875,63833.51953125,18827683555
1724630400,64342.2265625,62880.66015625,64489.70703125,62849.55859375,27682040631
1724716800,62879.70703125,59504.1328125,63210.796875,58116.75,39103882198
1724803200,59507.92578125,59027.625,60236.44921875,57890.67578125,40289564698
1724889600,59027.46875,59388.1796875,61184.08203125,58786.2265625,32224990582
1724976000,59388.6015625,59119.4765625,59896.88671875,57768.53125,32292756405
1725062400,59117.48046875,58969.8984375,59432.59375,58768.78515625,12403470760
1725148800,58969.80078125,57325.48828125,59062.0703125,57217.82421875,24592449997
1725235200,57326.96875,59112.48046875,59403.0703125,57136.02734375,27036454524
1725321600,59106.19140625,57431.0234375,59815.05859375,57425.16796875,26666961053
1725408000,57430.34765625,57971.5390625,58511.5703125,55673.1640625,35627680312
1725494400,57971.703125,56160.48828125,58300.58203125,55712.453125,31030280656
1725580800,56160.19140625,53948.75390625,56976.109375,52598.69921875,49361693566
1725667200,53949.0859375,54139.6875,54838.14453125,53740.0703125,19061486526
1725753600,54147.93359375,54841.56640625,55300.859375,53653.7578125,18268287531
1725840000,54851.88671875,57019.53515625,58041.125,54598.43359375,34618096173
1725926400,57020.09765625,57648.7109375,58029.9765625,56419.4140625,28857630507
1726012800,57650.2890625,57343.171875,57991.3203125,55567.33984375,37049062672
1726099200,57343.171875,58127.01171875,58534.359375,57330.1015625,33835707949
1726185600,58130.32421875,60571.30078125,60648.0234375,57650.11328125,32490528356
1726272000,60569.1171875,60005.12109375,60656.72265625,59517.8828125,16428405496
1726358400,60000.7265625,59182.8359375,60381.91796875,58696.30859375,18120960867
1726444800,59185.2265625,58192.5078125,59205.51171875,57501.33984375,32032822113
1726531200,58192.5078125,60308.5390625,61316.08984375,57628.0703125,38075570118
1726617600,60309.0,61649.6796875,61664.06640625,59218.25390625,40990702891
1726704000,61651.15625,62940.45703125,63872.44140625,61609.8671875,42710252573
1726790400,62941.42578125,63192.9765625,64119.53125,62364.60546875,35177164222
1726876800,63184.33984375,63394.83984375,63543.359375,62783.10546875,14408616220
1726963200,63396.8046875,63648.7109375,63993.421875,62440.7265625,20183348802
1727049600,63643.1015625,63329.80078125,64733.55859375,62628.078125,31400285425
1727136000,63326.83984375,64301.96875,64695.21484375,62737.41796875,29938335243
1727222400,64302.58984375,63143.14453125,64804.50390625,62945.375,25078377700
1727308800,63138.546875,65181.01953125,65790.796875,62669.26953125,36873129847
1727395200,65180.6640625,65790.6640625,66480.6953125,64852.9921875,32058813449
1727481600,65792.1796875,65887.6484375,66255.53125,65458.03515625,15243637984
1727568000,65888.8984375,65635.3046875,66069.34375,65450.015625,14788214575
1727654400,65634.65625,63329.5,65635.0546875,62873.6171875,37112957475
1727740800,63335.60546875,60837.0078125,64110.98046875,60189.27734375,50220923500
1727827200,60836.32421875,60632.78515625,62357.6875,59996.94921875,40762722398
1727913600,60632.484375,60759.40234375,61469.0390625,59878.8046875,36106447279
1728000000,60754.625,62067.4765625,62465.9921875,60459.94140625,29585472513
1728086400,62067.609375,62089.94921875,62371.0234375,61689.58203125,13305410749
1728172800,62084.98828125,62818.953125,62959.5703125,61833.1484375,14776233667
1728259200,62819.109375,62236.66015625,64443.70703125,62152.55078125,34253562610
1728345600,62221.64453125,62131.96875,63174.3046875,61843.5625,28134475157
1728432000,62131.7265625,60582.1015625,62508.8359375,60314.61328125,27670982363
1728518400,60581.9296875,60274.5,61236.72265625,58895.20703125,30452813570
1728604800,60275.4609375,62445.08984375,63400.87109375,60046.125,30327141594
1728691200,62444.6171875,63193.0234375,63448.78515625,62443.26953125,16744110886
1728777600,63192.9453125,62851.375,63272.65234375,62035.63671875,18177529690
1728864000,62848.3984375,66046.125,66482.4921875,62442.15234375,43706958056
1728950400,66050.3671875,67041.109375,67881.6796875,64809.1953125,48863870879
1729036800,67042.4609375,67612.71875,68375.2890625,66758.7265625,38195189534
1729123200,67617.078125,67399.8359375,67912.2109375,66647.390625,32790898511
1729209600,67419.109375,68418.7890625,68969.75,67177.8203125,36857165014
1729296000,68418.9765625,68362.734375,68668.0078125,68024.640625,14443497908
1729382400,68364.1796875,69001.703125,69359.0078125,68105.71875,18975847518
1729468800,69002.0,67367.8515625,69462.734375,66829.8515625,37498611780
1729555200,67360.703125,67361.40625,67801.578125,66581.3671875,31808472566
1729641600,67362.375,66432.1953125,67402.7421875,65188.03515625,32263980353
1729728000,66653.703125,68161.0546875,68798.9609375,66454.1015625,31414428647
1729814400,68165.296875,66642.4140625,68722.15625,65521.79296875,41469984306
1729900800,66628.734375,67014.6953125,67317.921875,66360.59375,19588098156
1729987200,67023.4765625,67929.296875,68221.3125,66847.2265625,16721307878
1730073600,67922.671875,69907.7578125,70212.265625,67535.1328125,38799856657
1730160000,69910.046875,72720.4921875,73577.2109375,69729.9140625,58541874402
1730246400,72715.3671875,72339.5390625,72905.296875,71411.734375,40646637831
1730332800,72335.046875,70215.1875,72662.3125,69590.5,40627912076
1730419200,70216.8984375,69482.46875,71559.015625,68779.703125,49989795365
1730505600,69486.0234375,69289.2734375,69867.3515625,69033.71875,18184612091
1730592000,69296.3828125,68741.1171875,69361.65625,67482.5234375,34868307655
1730678400,68742.1328125,67811.5078125,69433.1796875,66803.6484375,41184819348
1730764800,67811.171875,69359.5625,70522.7890625,67458.8671875,46046889204
1730851200,69358.5,75639.078125,76460.15625,69322.03125,118592653963
1730937600,75637.0859375,75904.859375,76943.1171875,74480.421875,63467654989
1731024000,75902.8359375,76545.4765625,77252.75,75648.7421875,55176858003
1731110400,76556.1875,76778.8671875,76932.765625,75773.7890625,29009480361
1731196800,76775.546875,80474.1875,81474.421875,76565.4296875,82570594495
1731283200,80471.4140625,88701.484375,89604.5,80283.25,117966845037
1731369600,88705.5625,87955.8125,89956.8828125,85155.109375,133673285375
1731456000,87929.96875,90584.1640625,93434.3515625,86256.9296875,123559027869
1731542400,90574.8828125,87250.4296875,91765.21875,86682.8125,87616705248
1731628800,87284.1796875,91066.0078125,91868.7421875,87124.8984375,78243109518
1731715200,91064.3671875,90558.4765625,91763.9453125,90094.2265625,44333192814
1731801600,90558.4609375,89845.8515625,91433.0390625,88741.6640625,46350159305
1731888000,89843.71875,90542.640625,92596.7890625,89393.59375,75535775084
1731974400,90536.8125,92343.7890625,94002.8671875,90426.984375,74521048295
1732060800,92341.890625,94339.4921875,94902.0234375,91619.5,71730956426
1732147200,94334.640625,98504.7265625,99014.21875,94132.6015625,106024505582
1732233600,98496.4296875,98997.6640625,99655.5,97222.6640625,78473580551
1732320000,99006.7421875,97777.28125,99014.6796875,97232.890625,44414644677
1732406400,97778.09375,98013.8203125,98647.1796875,95788.078125,51712020623
1732492800,98033.4453125,93102.296875,98935.03125,92642.9140625,80909462490
1732579200,93087.28125,91985.3203125,94991.75,90770.8125,91656519855
1732665600,91978.140625,95962.53125,97361.1796875,91778.6640625,71133452438
1732752000,95954.9453125,95652.46875,96650.203125,94677.3515625,52260008261
1732838400,95653.953125,97461.5234375,98693.171875,95407.8828125,54968682476
1732924800,97468.8125,96449.0546875,97499.34375,96144.21875,31634227866
1733011200,96461.3359375,97279.7890625,97888.125,95770.1875,36590695296
1733097600,97276.0078125,95865.3046875,98152.6015625,94482.8671875,72680784305
1733184000,95854.59375,96002.1640625,96297.203125,93629.5625,67067810961
1733270400,95988.53125,98768.53125,99207.328125,94660.5234375,77199817112
1733356800,98741.5390625,96593.5703125,103900.46875,91998.78125,149218945580
1733443200,97074.2265625,99920.7109375,102039.8828125,96514.875,94534772658
1733529600,99916.7109375,99923.3359375,100563.3828125,99030.8828125,44177510897
1733616000,99921.9140625,101236.015625,101399.9921875,98771.515625,44125751925
1733702400,101237.0625,97432.71875,101272.5078125,94355.9140625,110676473908
1733788800,97441.234375,96675.4296875,98270.15625,94321.2578125,104823780634
1733875200,96656.0625,101173.03125,101913.359375,95747.2265625,85391409936
1733961600,101167.8046875,100043.0,102524.9140625,99339.953125,72073983533
1734048000,100046.6484375,101459.2578125,101888.8046875,99233.28125,56894751583
1734134400,101451.4375,101372.96875,102618.8828125,100634.0546875,40422968793
1734220800,101373.53125,104298.6953125,105047.5390625,101227.03125,51145914137
1734307200,104293.578125,106029.71875,107780.578125,103322.984375,91020417816
1734393600,106030.6875,106140.6015625,108268.4453125,105291.734375,68589364868
1734480000,106147.296875,100041.5390625,106470.609375,100041.5390625,93865656139
1734566400,100070.6875,97490.953125,102748.1484375,95587.6796875,97221662392
1734652800,97484.6953125,97755.9296875,98098.9140625,92175.1796875,105634083408
1734739200,97756.1953125,97224.7265625,99507.1015625,96426.5234375,51765334294
1734825600,97218.3203125,95104.9375,97360.265625,94202.1875,43147981314
1734912000,95099.390625,94686.2421875,96416.2109375,92403.1328125,65239002919
1734998400,94684.34375,98676.09375,99404.0625,93448.015625,47114953674
1735084800,98675.9140625,99299.1953125,99478.75,97593.46875,33700394629
1735171200,99297.6953125,95795.515625,99884.5703125,95137.8828125,47054980873
1735257600,95704.9765625,94164.859375,97294.84375,93310.7421875,52419934565
1735344000,94160.1875,95163.9296875,95525.8984375,94014.2890625,24107436185
1735430400,95174.0546875,93530.2265625,95174.875,92881.7890625,29635885267
1735516800,93527.1953125,92643.2109375,94903.3203125,91317.1328125,56188003691
1735603200,92643.25,93429.203125,96090.6015625,91914.03125,43625106843
1735689600,93425.1015625,94419.7578125,94929.8671875,92788.125,24519888919
1735776000,94416.2890625,96886.875,97739.8203125,94201.5703125,46009564411
1735862400,96881.7265625,98107.4296875,98956.9140625,96034.6171875,35611391163
1735948800,98106.9921875,98236.2265625,98734.4296875,97562.9765625,22342608078
1736035200,98233.90625,98314.9609375,98813.3046875,97291.765625,20525254825
1736121600,98314.953125,102078.0859375,102482.875,97926.1484375,51823432705
1736208000,102248.8515625,96922.703125,102712.484375,96132.875,58685738547
1736294400,96924.1640625,95043.5234375,97258.3203125,92525.84375,63875859171
1736380800,95043.484375,92484.0390625,95349.71875,91220.84375,62777261693
1736467200,92494.4921875,94701.453125,95770.609375,92250.09375,62058693684
1736553600,94700.8359375,94566.59375,94977.6875,93840.046875,18860894100
1736640000,94565.7265625,94488.4375,95367.5390625,93712.5078125,20885130965
1736726400,94488.890625,94516.5234375,95837.0,89260.1015625,72978998252
1736812800,94519.0078125,96534.046875,97352.6640625,94322.15625,53769675818
1736899200,96534.046875,100504.4921875,100697.234375,96501.640625,57805923627
1736985600,100505.296875,99756.90625,100781.5859375,97364.4453125,54103781805
1737072000,100025.765625,104462.0390625,105884.2265625,99948.90625,71888972663
1737158400,104124.953125,104408.0703125,104913.203125,102226.6171875,50445655726
1737244800,104411.2890625,101089.609375,106299.796875,99570.53125,76789928525
1737331200,101083.75,102016.6640625,109114.8828125,99471.359375,126279678351
1737417600,102052.578125,106146.265625,107180.921875,100103.953125,88733878242
1737504000,106136.3828125,103653.0703125,106294.34375,103360.265625,53878181052
1737590400,103657.671875,103960.171875,106820.328125,101257.8046875,104104515428
1737676800,103965.671875,104819.484375,107098.546875,102772.125,52388229265
1737763200,104824.03125,104714.6484375,105243.7890625,104120.375,23888996502
1737849600,104713.2109375,102682.5,105438.6484375,102507.7109375,22543395879
1737936000,102680.3046875,102087.6875,103214.109375,97795.9375,89006608428
1738022400,102095.4140625,101332.4765625,103730.8203125,100238.1875,47180685494
1738108800,101317.5234375,103703.2109375,104750.8046875,101283.8203125,47432049818
1738195200,103709.3359375,104735.3046875,106418.765625,103321.6484375,41915744521
1738281600,104737.5625,102405.0234375,106026.3515625,101543.8828125,45732764360
1738368000,102402.796875,100655.90625,102755.7265625,100297.7109375,27757944848
1738454400,100661.5390625,97688.9765625,101430.6640625,96216.078125,63091816853
1738540800,97681.1015625,101405.421875,102514.171875,91242.890625,115400897748
1738627200,101398.71875,97871.8203125,101745.6171875,96208.109375,73002130211
1738713600,97878.0078125,96615.4453125,99113.2109375,96174.828125,49125911241
1738800000,96610.640625,96593.296875,99168.609375,95707.3515625,45302471947
1738886400,96581.3203125,96529.0859375,100154.140625,95653.8828125,55741290456
1738972800,96533.2578125,96482.453125,96877.8046875,95702.4921875,22447526395
1739059200,96481.3125,96500.09375,97325.28125,94745.2578125,27732901800
1739145600,96499.4609375,97437.5546875,98333.21875,95320.84375,40078962391
1739232000,97438.1328125,95747.4296875,98492.8984375,94875.0390625,37488783272
1739318400,95745.6953125,97885.859375,98151.0234375,94101.203125,49340445530
1739404800,97888.75,96623.8671875,98111.0859375,95269.7109375,37147280860
1739491200,96623.3671875,97508.96875,98819.46875,96342.8046875,32697987277
1739577600,97508.3828125,97580.3515625,97975.0390625,97240.1953125,17047266288
1739664000,97580.4921875,96175.03125,97725.59375,96060.9765625,16536755396
1739750400,96179.0078125,95773.3828125,97032.234375,95243.546875,27336550690
1739836800,95773.8125,95539.546875,96695.375,93388.8359375,37325720482
1739923200,95532.53125,96635.609375,96855.59375,95011.96875,28990872862
1740009600,96632.6796875,98333.9375,98767.1953125,96442.671875,31668022771
1740096000,98340.671875,96125.546875,99497.96875,94852.9609375,49608706470
1740182400,96134.203125,96577.7578125,96950.15625,95765.34375,18353824477
1740268800,96577.8046875,96273.921875,96671.875,95270.453125,16999478976
1740355200,96277.9609375,91418.171875,96503.453125,91371.7421875,44046480529
1740441600,91437.1171875,88736.171875,92511.078125,86008.234375,92139104128
1740528000,88638.890625,84347.0234375,89286.25,82131.8984375,64597492134
1740614400,84076.859375,84704.2265625,87000.78125,83144.9609375,52659591954
1740700800,84705.625,84373.0078125,85036.3203125,78248.9140625,83610570576
1740787200,84373.8671875,86031.9140625,86522.3046875,83794.234375,29190628396
1740873600,86036.2578125,94248.3515625,95043.4375,85040.2109375,58398341092
1740960000,94248.421875,86065.671875,94429.75,85081.3046875,70072228536
1741046400,86064.0703125,87222.1953125,88911.2734375,81529.2421875,68095241474
1741132800,87222.953125,90623.5625,90998.2421875,86379.7734375,50498988027
1741219200,90622.359375,89961.7265625,92804.9375,87852.140625,47749810486
1741305600,89963.28125,86742.671875,91191.046875,84717.6796875,65945677657
1741392000,86742.65625,86154.59375,86847.265625,85247.484375,18206118081
1741478400,86154.3046875,80601.0390625,86471.1328125,80052.484375,30899345977
1741564800,80597.1484375,78532.0,83955.9296875,77420.59375,54061099422
1741651200,78523.875,82862.2109375,83577.7578125,76624.25,54702837196
1741737600,82857.375,83722.359375,84358.578125,80635.25,40353484454
1741824000,83724.921875,81066.703125,84301.6953125,79931.8515625,31412940153
1741910400,81066.9921875,83969.1015625,85263.2890625,80797.5625,29588112414
1741996800,83968.40625,84343.109375,84672.671875,83639.59375,13650491277
1742083200,84333.3203125,82579.6875,85051.6015625,82017.90625,21330270174
1742169600,82576.3359375,84075.6875,84725.328125,82492.15625,25092785558
1742256000,84075.71875,82718.5,84075.71875,81179.9921875,24095774594
1742342400,82718.8046875,86854.2265625,87021.1875,82569.7265625,34931960257
1742428800,86872.953125,84167.1953125,87443.265625,83647.1953125,29028988961
1742515200,84164.5390625,84043.2421875,84782.2734375,83171.0703125,19030452299
1742601600,84046.2578125,83832.484375,84513.875,83674.78125,9863214091
1742688000,83831.8984375,86054.375,86094.78125,83794.9140625,12594615537
1742774400,86070.9296875,87498.9140625,88758.7265625,85541.1953125,34582604933
1742860800,87512.8203125,87471.703125,88542.3984375,86346.078125,30005840049
1742947200,87460.234375,86900.8828125,88292.15625,85861.453125,26704046038
1743033600,86896.2578125,87177.1015625,87786.7265625,85837.9375,24413471941
1743120000,87185.234375,84353.1484375,87489.859375,83557.640625,34198619509
1743206400,84352.0703125,82597.5859375,84567.3359375,81634.140625,16969396135
1743292800,82596.984375,82334.5234375,83505.0,81573.25,14763760943
1743379200,82336.0625,82548.9140625,83870.125,81293.890625,29004228247
1743465600,82551.921875,85169.171875,85487.3671875,82429.359375,28175650319
1743552000,85180.609375,82485.7109375,88466.953125,82343.5390625,47584398470
1743638400,82487.4765625,83102.828125,83909.296875,81282.1015625,36852112080
1743724800,83100.25,83843.8046875,84696.1484375,81670.75,45157640207
1743811200,83844.703125,83504.796875,84207.015625,82377.734375,14380803631
1743897600,83504.5078125,78214.484375,83704.71875,77097.7421875,36294853736
1743984000,78221.3359375,79235.3359375,81119.0625,74436.6796875,91262424987
1744070400,79218.4765625,76271.953125,80823.890625,76198.0234375,48314590749
1744156800,76273.5625,82573.953125,83541.0,74589.671875,84213627038
1744243200,82565.9765625,79626.140625,82700.9296875,78456.1328125,44718000633
1744329600,79625.046875,83404.8359375,84247.4765625,78936.3203125,41656778779
1744416000,83404.515625,85287.109375,85856.1875,82769.375,24258059104
1744502400,85279.46875,83684.9765625,86015.1875,83027.0078125,28796984817
1744588800,83694.5234375,84542.390625,85785.0,83690.640625,34090769777
1744675200,84539.6953125,83668.9921875,86429.3515625,83598.8203125,28040322885
1744761600,83674.5078125,84033.8671875,85428.28125,83100.6171875,29617804112
1744848000,84030.671875,84895.75,85449.0703125,83749.75,21276866029
1744934400,84900.1875,84450.8046875,85095.046875,84298.8828125,12728372364
1745020800,84450.8671875,85063.4140625,85597.703125,84353.4609375,15259300427
1745107200,85066.0703125,85174.3046875,85306.3828125,83976.84375,14664050812
1745193600,85171.5390625,87518.90625,88460.09375,85143.8359375,41396190190
1745280000,87521.875,93441.890625,93817.3828125,87084.53125,55899038456
1745366400,93427.5859375,93699.109375,94535.734375,91962.9609375,41719568821
1745452800,93692.3984375,93943.796875,94016.1953125,91696.7109375,31483175315
1745539200,93954.25,94720.5,95768.390625,92898.59375,40915232364
1745625600,94714.6484375,94646.9296875,95251.359375,93927.25,17612825123
1745712000,94660.90625,93754.84375,95301.203125,93665.3984375,18090367764
1745798400,93755.3046875,94978.75,95598.4921875,92860.8046875,32363449569
1745884800,94981.859375,94284.7890625,95485.4140625,93796.6328125,25806129921
1745971200,94286.46875,94207.3125,95249.3203125,92979.640625,28344679831
1746057600,94212.859375,96492.3359375,97437.9609375,94153.6328125,32875889623
1746144000,96494.96875,96910.0703125,97905.8984375,96375.9453125,26421924677
1746230400,96904.6328125,95891.796875,96943.8828125,95821.2890625,15775154889
1746316800,95877.1875,94315.9765625,96318.921875,94173.4296875,18198688416
1746403200,94319.5625,94748.0546875,95193.1875,93566.265625,25816260327
1746489600,94748.3828125,96802.4765625,96889.1796875,93399.859375,26551275827
1746576000,96800.1953125,97032.3203125,97625.8046875,95829.3359375,76983822462
1746662400,97034.25,103241.4609375,103969.5390625,96913.875,69895404397
1746748800,103239.125,102970.8515625,104297.4921875,102343.09375,58198593958
1746835200,102973.7109375,104696.328125,104961.765625,102830.484375,42276713994
1746921600,104701.0703125,104106.359375,104937.9921875,103364.7421875,46285517406
1747008000,104106.9609375,102812.953125,105747.453125,100814.40625,63250475404
