timestamp,open,close,high,low,volume
1569196800,9930.13,9930.13,9930.13,9930.13,0.001
1569283200,9637.93,8519.67,9665.05,7996.45,202.350799
1569369600,8528.12,8435.28,8724.77,8247.78,55.417971
1569456000,8434.45,8064.41,8453.2,7761.87,41.880079
1569542400,8078.75,8178.73,8259.96,7858.58,47.142904
1569628800,8199.4,8208.07,8320.51,8020.0,21.24093
1569715200,8210.66,8047.12,8220.38,7916.9,61.639171
1569801600,8058.25,8292.35,8322.99,7744.23,112.009925
1569888000,8281.4,8295.63,8498.23,8180.16,49.861058
1569974400,8305.0,8363.74,8367.97,8154.37,31.814659
1570060800,8369.31,8222.19,8386.65,8078.48,40.654746
1570147200,8227.57,8144.09,8232.85,8005.25,39.38286
1570233600,8134.38,8128.65,8179.58,8015.49,25.41557
1570320000,8128.65,7866.87,8148.88,7801.0,75.425625
1570406400,7860.25,8191.94,8289.0,7772.14,78.870991
1570492800,8205.09,8180.7,8322.42,8110.4,39.129437
1570579200,8178.47,8570.8,8662.01,8118.67,96.568413
1570665600,8565.75,8559.93,8640.58,8439.36,32.783931
1570752000,8560.99,8266.17,8772.46,8229.29,139.985707
1570838400,8255.24,8299.85,8394.78,8251.15,32.490636
1570924800,8294.16,8276.97,8448.7,8166.51,55.029713
1571011200,8273.46,8349.0,8371.24,8213.4,69.948401
1571097600,8349.91,8163.48,8400.92,8118.69,99.706251
1571184000,8162.08,7995.35,8179.74,7922.44,75.488533
1571270400,7995.35,8073.01,8122.45,7932.65,93.712189
1571356800,8070.24,7946.04,8115.37,7825.0,78.638399
1571443200,7947.23,7956.07,8080.03,7879.66,76.470455
1571529600,7952.67,8220.22,8288.14,7875.62,131.607879
1571616000,8222.0,8200.03,8324.66,8150.01,119.36608
1571702400,8196.41,8017.72,8294.04,8000.72,142.976904
1571788800,8015.96,7466.85,8044.28,7310.24,273.918751
1571875200,7466.85,7415.47,7492.37,7341.62,225.298306
1571961600,7415.47,8653.66,8776.6,7377.73,382.335815
1572048000,8655.5,9231.81,10352.43,8637.01,650.191206
1572134400,9232.69,9530.88,9787.69,9077.85,429.573986
1572220800,9528.62,9198.09,9901.97,9182.33,343.196832
1572307200,9202.96,9408.43,9533.79,9094.14,280.989401
1572393600,9407.96,9154.99,9407.96,9004.51,195.557213
1572480000,9168.24,9142.65,9400.0,8950.81,181.578946
1572566400,9141.77,9230.4,9270.25,9041.97,97.201588
1572652800,9237.7,9288.85,9366.42,9191.84,66.076289
1572739200,9320.52,9203.46,9361.62,9069.38,34.509873
1572825600,9199.9,9391.41,9505.13,9119.48,52.793238
1572912000,9395.14,9301.49,9454.72,9180.44,54.873119
1572998400,9308.69,9346.85,9429.6,9255.24,34.746287
1573084800,9342.01,9210.1,9371.03,9115.87,67.721284
1573171200,9207.76,8781.14,9253.18,8697.25,142.738944
1573257600,8773.61,8810.15,8875.14,8729.97,50.229502
1573344000,8802.19,9039.3,9137.31,8759.48,85.368805
1573430400,9044.51,8731.92,9065.8,8624.44,74.459175
1573516800,8712.08,8821.69,8874.22,8600.0,87.183872
1573603200,8823.72,8791.21,8841.26,8721.49,161.907523
1573689600,8791.22,8645.97,8808.57,8598.33,70.182731
1573776000,8645.97,8473.65,8783.3,8408.21,94.894971
1573862400,8479.04,8495.01,8535.98,8445.92,68.057582
1573948800,8495.01,8511.33,8626.55,8420.0,95.148871
1574035200,8511.51,8186.59,8511.51,8069.0,71.17284
1574121600,8182.71,8133.77,8208.97,8004.04,83.997387
1574208000,8134.49,8094.38,8229.5,8046.64,58.436428
1574294400,8097.84,7634.12,8132.71,7520.18,195.157049
1574380800,7628.15,7282.49,7721.84,6798.5,205.231104
1574467200,7277.26,7314.92,7343.76,7087.9,30.163185
1574553600,7321.06,6905.31,7334.4,6890.0,143.180018
1574640000,6901.05,7121.63,7369.92,6524.64,179.918842
1574726400,7114.36,7151.05,7335.85,7031.09,115.245337
1574812800,7155.73,7515.75,7648.1,6850.74,102.011077
1574899200,7506.5,7424.67,7643.22,7365.12,88.485575
1574985600,7412.07,7737.13,7855.0,7404.12,91.680678
1575072000,7737.98,7548.08,7800.0,7414.0,114.531438
1575158400,7540.08,7396.18,7542.65,7236.66,77.402772
1575244800,7405.58,7296.97,7419.16,7162.23,107.114703
1575331200,7296.96,7281.25,7399.97,7239.55,58.636189
1575417600,7284.86,7195.68,7751.07,7082.46,118.667835
1575504000,7180.59,7381.97,7480.67,7153.94,113.534324
1575590400,7376.79,7529.99,7597.04,7303.9,76.723168
1575676800,7542.59,7491.51,7611.36,7472.23,36.009011
1575763200,7485.51,7509.15,7562.68,7378.86,32.269798
1575849600,7511.64,7345.27,7645.75,7276.66,68.682337
1575936000,7337.84,7227.39,7405.29,7164.42,59.576235
1576022400,7230.5,7208.17,7271.71,7139.23,23.33556
1576108800,7210.16,7200.81,7292.67,7087.23,43.880735
1576195200,7196.03,7253.02,7302.72,7195.48,24.308115
1576281600,7254.49,7068.94,7269.11,7013.56,49.742195
1576368000,7066.69,7121.19,7196.62,7011.08,32.087207
1576454400,7123.79,6893.47,7152.66,6850.0,80.234618
1576540800,6891.13,6619.91,6937.54,6564.89,104.834435
1576627200,6626.58,7270.83,7411.91,6438.08,156.116394
1576713600,7285.03,7147.99,7366.95,7048.75,76.642129
1576800000,7156.13,7181.29,7214.26,7082.3,29.912234
1576886400,7188.86,7137.74,7190.69,7118.0,17.305598
1576972800,7137.36,7504.57,7512.47,7127.42,69.748961
1577059200,7510.48,7321.46,7689.98,7271.82,139.129644
1577145600,7312.63,7276.31,7430.89,7166.3,68.082751
1577232000,7262.39,7200.1,7272.13,7131.55,31.498899
1577318400,7205.02,7208.33,7432.08,7164.33,38.359558
1577404800,7208.33,7249.98,7273.96,7100.0,56.297457
1577491200,7253.94,7308.62,7361.77,7250.22,31.311032
1577577600,7312.34,7391.07,7526.48,7294.84,25.926258999999998
1577664000,7357.28,7244.3,7396.65,7227.31,75.239284
1577750400,7240.76,7197.33,7300.0,7146.0,50.669990999999996
1577836800,7180.46,7195.65,7245.54,7175.62,31.403883
1577923200,7191.39,6961.8,7210.05,6934.29,67.004407
1578009600,6958.14,7345.65,7404.24,6877.78,102.621386
1578096000,7344.55,7349.45,7403.98,7282.25,32.271372
1578182400,7363.88,7364.19,7489.84,7332.96,67.247638
1578268800,7359.4,7777.53,7796.86,7352.92,142.311675
1578355200,7785.53,8174.34,8198.98,7735.68,242.896066
1578441600,8174.37,8051.97,8456.12,7890.0,186.162188
1578528000,8036.44,7824.32,8036.44,7753.44,116.171338
1578614400,7813.16,8195.0,8195.0,7684.66,189.003029
1578700800,8195.0,8026.42,8290.0,8010.01,79.694317
1578787200,8010.01,8185.42,8192.05,7968.79,46.703006
1578873600,8186.81,8102.27,8186.81,8059.34,71.026524
1578960000,8110.96,8847.12,8891.18,8110.96,351.521336
1579046400,8808.88,8817.79,8911.21,8579.47,146.624295
1579132800,8836.69,8730.0,8857.99,8595.65,95.196653
1579219200,8729.99,8915.59,9022.5,8673.1,77.322512
1579305600,8905.0,8917.29,8988.76,8805.36,51.104627
1579392000,8913.69,8718.51,9200.0,8493.57,217.436897
1579478400,8725.94,8644.33,8741.97,8530.0,44.186513
1579564800,8650.15,8754.88,8778.28,8503.31,69.588088
1579651200,8737.02,8670.36,8819.92,8605.64,37.871172
1579737600,8671.0,8414.87,8671.0,8305.5,64.560013
1579824000,8411.45,8451.96,8524.11,8241.5,82.696069
1579910400,8440.25,8344.78,8442.68,8277.21,75.48201
1579996800,8340.11,8612.12,8612.12,8301.86,57.451045
1580083200,8613.88,8914.11,9002.45,8584.04,103.998546
1580169600,8921.17,9380.14,9402.37,8892.43,143.799437
1580256000,9376.62,9300.85,9445.67,9239.08,140.356186
1580342400,9300.42,9526.47,9579.29,9205.0,131.547022
1580428800,9513.19,9352.98,9534.33,9213.32,76.298925
1580515200,9363.96,9388.81,9462.65,9301.63,61.245697
1580601600,9384.73,9332.83,9487.85,9157.15,73.733713
1580688000,9324.9,9299.8,9600.0,9241.58,103.261331
1580774400,9299.53,9195.95,9356.66,9100.0,72.818585
1580860800,9192.37,9610.31,9747.48,9180.27,125.859151
1580947200,9625.0,9766.99,9859.33,9535.38,118.594015
1581033600,9767.0,9815.0,9880.32,9730.59,114.263799
1581120000,9821.51,9903.38,9937.31,9668.84,123.202272
1581206400,9903.35,10153.53,10174.27,9892.42,132.3238
1581292800,10165.0,9850.16,10193.58,9767.62,64.643096
1581379200,9848.03,10228.72,10325.27,9718.9,131.651073
1581465600,10230.93,10348.98,10450.0,10230.64,100.010641
1581552000,10318.09,10217.13,10490.0,10101.26,154.524547
1581638400,10237.42,10344.17,10376.6,10116.94,54.421371
1581724800,10350.58,9898.96,10373.47,9800.0,77.415116
1581811200,9908.62,9928.33,10047.63,9649.72,79.983205
1581897600,9916.64,9708.77,9952.62,9458.42,127.362219
1581984000,9698.24,10158.14,10249.17,9593.22,99.603428
1582070400,10167.94,9601.99,10512.0,9400.0,122.651752
1582156800,9588.19,9608.23,9686.42,9410.02,59.479937
1582243200,9587.23,9670.0,9761.24,9571.64,42.660383
1582329600,9675.78,9664.01,9702.82,9558.25,19.105039
1582416000,9656.4,9949.57,10002.98,9656.4,34.398361
1582502400,9945.64,9657.21,9993.8,9487.44,72.471237
1582588800,9665.52,9319.74,9669.54,9256.66,70.055603
1582675200,9309.7,8790.39,9372.65,8653.0,127.025997
1582761600,8784.22,8802.94,8967.12,8531.36,87.447145
1582848000,8818.72,8694.33,8900.32,8451.67,113.603047
1582934400,8698.05,8528.54,8787.36,8524.44,30.989384
1583020800,8523.66,8545.65,8746.82,8428.7,62.480797
1583107200,8525.48,8900.76,8963.39,8502.03,75.481934
1583193600,8913.63,8758.86,8919.44,8660.53,99.933376
1583280000,8765.54,8748.23,8844.36,8672.76,69.532432
1583366400,8765.21,9062.79,9152.18,8765.21,94.383394
1583452800,9051.95,9140.03,9170.84,8993.59,62.796637
1583539200,9140.03,8886.71,9199.13,8847.87,77.674978
1583625600,8885.47,8036.46,8885.47,8003.84,127.36534
1583712000,8036.65,7939.79,8175.98,7642.21,304.948987
1583798400,7939.82,7888.99,8140.35,7736.58,146.684987
1583884800,7880.0,7926.4,7977.46,7597.21,114.702022
1583971200,7950.14,4824.58,7956.4,4510.0,2078.443533
1584057600,4814.78,5582.5,5948.5,3649.04,2402.633114
1584144000,5583.79,5169.45,5626.0,5053.25,183.878643
1584230400,5172.68,5365.04,5943.59,5101.05,306.334772
1584316800,5326.48,5023.0,5361.94,4426.37,525.896332
1584403200,5018.11,5320.37,5522.61,4950.17,307.111606
1584489600,5337.47,5390.21,5437.71,5000.05,567.576802
1584576000,5394.56,6179.03,6397.65,5252.01,480.699799
1584662400,6166.81,6205.0,6904.12,5685.74,542.741617
1584748800,6208.38,6165.0,6451.84,5871.38,349.50878
1584835200,6148.07,5818.52,6403.69,5762.84,382.082858
1584921600,5810.22,6481.71,6586.88,5696.92,325.910685
1585008000,6499.47,6749.94,6830.63,6387.89,193.537502
1585094400,6744.53,6695.91,6954.56,6474.17,179.296648
1585180800,6700.0,6734.11,6772.38,6517.01,176.751321
1585267200,6750.08,6365.87,6836.61,6275.59,156.399686
1585353600,6359.77,6243.16,6359.77,6032.28,282.316189
1585440000,6241.06,5876.82,6266.95,5867.15,245.719311
1585526400,5895.02,6386.47,6607.25,5862.32,374.646417
1585612800,6387.83,6434.43,6516.79,6334.59,200.191905
1585699200,6419.08,6641.0,6679.96,6152.38,244.83346
1585785600,6649.73,6826.94,7226.02,6558.62,569.861637
1585872000,6786.0,6721.11,7035.95,6607.95,374.740512
1585958400,6725.64,6862.65,6996.58,6654.02,278.684236
1586044800,6891.57,6771.41,6891.57,6674.97,129.581436
1586131200,6767.44,7332.68,7347.0,6767.44,271.71646
1586217600,7325.21,7197.12,7450.93,7084.68,193.637296
1586304000,7198.53,7363.77,7419.96,7155.97,137.537852
1586390400,7360.5,7283.68,7368.22,7108.22,73.043289
1586476800,7280.13,6857.58,7288.54,6750.0,94.517529
1586563200,6864.09,6881.93,6935.07,6758.95,46.401843
1586649600,6900.23,6894.29,7175.38,6782.41,91.26650000000001
1586736000,6883.46,6836.5,6883.78,6564.42,115.760435
1586822400,6837.6,6857.32,6971.0,6767.66,63.647023
1586908800,6865.7,6631.75,6926.82,6609.01,80.44159
1586995200,6612.81,7100.0,7201.47,6480.0,282.056698
1587081600,7100.0,7036.17,7145.41,6990.73,71.961671
1587168000,7026.47,7248.61,7293.89,7017.63,75.897316
1587254400,7256.84,7121.6,7267.46,7057.69,66.48976
1587340800,7120.85,6828.56,7215.0,6750.0,147.097576
1587427200,6823.57,6845.56,6934.46,6761.06,183.05607
1587513600,6841.33,7124.66,7154.79,6819.58,84.760407
1587600000,7130.11,7480.05,7752.45,7029.33,206.001356
1587686400,7484.46,7497.34,7658.78,7401.05,110.173282
1587772800,7506.54,7541.17,7720.52,7437.46,98.724925
1587859200,7537.51,7694.13,7705.38,7461.99,88.994885
1587945600,7695.78,7775.57,7791.73,7628.24,75.132129
1588032000,7777.05,7748.5,7782.01,7670.15,44.404302
1588118400,7742.68,8778.63,8955.58,7713.01,320.888147
1588204800,8782.65,8630.86,9450.76,8404.31,384.675439
1588291200,8628.07,8817.65,9051.55,8617.99,137.638493
1588377600,8818.22,8972.68,9014.77,8757.77,59.469765
1588464000,8973.85,8887.35,9196.27,8718.08,210.049083
1588550400,8896.62,8868.92,8954.26,8528.63,198.32247999999998
1588636800,8878.25,9027.64,9105.2,8772.22,133.86243
1588723200,9022.44,9145.93,9396.16,8918.99,242.577093
1588809600,9132.52,9991.11,10063.93,9010.0,340.351689
1588896000,10001.44,9810.32,10032.58,9717.86,138.251436
1588982400,9805.88,9539.68,9900.0,9507.03,145.785194
1589068800,9531.93,8726.3,9569.31,8127.14,600.6598299999999
1589155200,8730.15,8561.03,9162.08,8200.0,399.574609
1589241600,8560.18,8810.0,8973.14,8533.72,153.606379
1589328000,8808.62,9295.0,9398.12,8800.91,167.297195
1589414400,9305.22,9792.25,9936.94,9264.35,247.695074
1589500800,9796.68,9311.55,9839.59,9142.29,314.061281
1589587200,9314.71,9387.32,9574.09,9224.81,136.890462
1589673600,9384.97,9675.9,9883.77,9340.55,192.143024
1589760000,9682.67,9735.91,9953.2,9433.42,228.596217
1589846400,9738.69,9771.9,9893.93,9476.26,166.998021
1589932800,9776.96,9520.76,9836.6,9318.19,186.184663
1590019200,9506.65,9058.33,9564.73,8823.84,241.577746
1590105600,9057.15,9169.41,9260.9,8940.0,124.68715
1590192000,9166.81,9174.47,9302.52,9091.22,57.329497
1590278400,9177.48,8716.23,9297.7,8684.62,189.507228
1590364800,8714.75,8890.24,8979.62,8646.82,176.878932
1590451200,8900.59,8839.14,9013.41,8704.33,92.653075
1590537600,8842.15,9202.0,9225.75,8820.0,109.34668
1590624000,9205.0,9578.52,9621.93,9115.16,134.297435
1590710400,9579.0,9424.31,9603.73,9315.99,74.027066
1590796800,9424.49,9698.33,9739.0,9342.66,116.297491
1590883200,9701.31,9469.22,9701.84,9398.65,93.62073
1590969600,9449.84,10195.38,10370.58,9424.72,204.162993
1591056000,10200.0,9522.74,10220.0,9283.85,333.598459
1591142400,9514.23,9652.01,9685.01,9391.9,78.968367
1591228800,9669.5,9792.39,9880.8,9455.0,120.887073
1591315200,9790.74,9628.52,9849.29,9602.38,110.72022
1591401600,9613.97,9661.48,9733.85,9537.9,74.655262
1591488000,9667.25,9748.82,9818.8,9365.7,147.422656
1591574400,9750.29,9774.31,9801.01,9633.08,78.641054
1591660800,9781.05,9772.99,9872.56,9560.14,140.769326
1591747200,9764.48,9886.32,9986.78,9695.99,149.387852
1591833600,9886.35,9269.7,9958.93,9081.1,257.614062
1591920000,9258.29,9463.82,9549.99,9242.21,126.715209
1592006400,9463.82,9465.95,9489.97,9351.22,39.62649
1592092800,9462.31,9346.38,9462.31,9245.04,62.17131
1592179200,9323.26,9430.51,9495.0,8923.23,149.844349
1592265600,9421.95,9529.1,9587.03,9377.5,96.53541799999999
1592352000,9528.14,9463.47,9564.15,9250.0,87.384654
1592438400,9463.85,9390.23,9483.41,9286.73,49.784917
1592524800,9385.73,9314.01,9438.96,9242.62,77.608082
1592611200,9307.95,9353.98,9396.76,9167.99,46.640534
1592697600,9358.32,9294.41,9417.09,9283.57,42.988649
1592784000,9291.44,9680.86,9777.15,9271.84,119.48478
1592870400,9689.28,9613.86,9716.54,9550.0,48.806607
1592956800,9625.71,9308.03,9662.99,9211.35,147.900737
1593043200,9294.78,9254.68,9334.94,9002.74,111.484607
1593129600,9249.2,9161.8,9295.87,9050.0,95.466447
1593216000,9162.35,9009.86,9195.6,8835.06,144.180415
1593302400,8993.25,9118.09,9191.26,8943.61,62.387264
1593388800,9119.02,9182.67,9238.72,9027.5,61.122479
1593475200,9198.47,9132.51,9199.66,9063.2,52.005473
1593561600,9132.29,9231.97,9289.52,9090.31,90.950834
1593648000,9232.35,9085.99,9257.75,8948.28,107.69768
1593734400,9080.24,9058.26,9121.51,9042.4,38.005977
1593820800,9056.63,9139.68,9191.9,9043.13,64.979986
1593907200,9137.3,9075.83,9141.86,8909.4,84.816948
1593993600,9067.38,9344.62,9369.88,9056.59,114.066302
1594080000,9344.15,9258.09,9377.18,9206.54,52.013121
1594166400,9262.19,9425.13,9464.26,9233.38,120.262634
1594252800,9429.96,9234.39,9432.63,9170.0,68.515538
1594339200,9232.87,9285.54,9315.3,9125.78,70.074404
1594425600,9288.49,9233.85,9298.97,9180.0,28.973751
1594512000,9230.97,9300.0,9342.64,9159.78,67.36077
1594598400,9300.0,9241.03,9342.86,9198.53,134.614116
1594684800,9241.88,9255.02,9279.55,9107.84,76.47142
1594771200,9254.55,9201.51,9274.12,9159.37,56.09703
1594857600,9196.53,9130.79,9221.29,9043.3,51.932473
1594944000,9135.09,9153.08,9181.95,9089.05,26.467403
1595030400,9147.68,9164.84,9205.47,9122.89,33.498036
1595116800,9170.52,9210.99,9230.85,9106.76,33.556284
1595203200,9215.16,9162.0,9220.16,9136.12,49.3685
1595289600,9162.0,9386.46,9431.33,9154.02,137.426654
1595376000,9388.52,9518.56,9541.97,9285.13,87.148336
1595462400,9520.51,9608.7,9661.18,9450.0,95.568669
1595548800,9601.25,9542.14,9633.98,9474.37,81.623787
1595635200,9541.82,9699.66,9729.47,9535.47,135.852592
1595721600,9689.94,9919.91,10130.38,9652.79,240.596076
1595808000,9933.23,11025.59,11387.17,9923.16,1050.896514
1595894400,11032.42,10912.79,11236.42,10587.94,528.408639
1595980800,10908.96,11100.0,11339.99,10833.19,159.445256
1596067200,11083.58,11100.77,11168.31,10833.85,84.020996
1596153600,11100.76,11342.27,11436.77,10963.8,120.559704
1596240000,11339.93,11807.44,11857.49,11229.46,181.397571
1596326400,11795.37,11051.39,12106.78,10601.02,331.082702
1596412800,11071.37,11218.62,11474.76,10930.95,151.111532
1596499200,11219.18,11174.62,11414.12,11017.99,136.617914
1596585600,11190.23,11749.51,11779.04,11091.69,169.299941
1596672000,11748.49,11760.52,11902.45,11572.96,108.645536
1596758400,11762.52,11572.13,11904.26,11503.63,110.611031
1596844800,11592.57,11753.11,11803.91,11527.84,129.942061
1596931200,11762.89,11667.78,11795.97,11530.0,82.826894
1597017600,11681.74,11882.65,12059.94,11442.01,171.984429
1597104000,11891.62,11392.15,11934.6,11119.32,176.360102
1597190400,11389.33,11566.44,11618.25,11146.46,94.555925
1597276800,11571.37,11764.66,11790.01,11276.57,128.801882
1597363200,11787.67,11760.4,11853.21,11638.15,119.845929
1597449600,11762.81,11867.17,11976.18,11691.56,104.310058
1597536000,11851.89,11912.1,11928.76,11692.07,41.130538
1597622400,11913.37,12271.4,12464.2,11770.68,202.88071
1597708800,12285.28,11957.77,12384.95,11820.0,139.84325
1597795200,11941.63,11742.87,12001.73,11565.01,167.012969
1597881600,11750.08,11864.51,11878.82,11678.38,56.581385
1597968000,11851.42,11528.2,11879.76,11490.0,114.564867
1598054400,11514.42,11658.24,11684.68,11384.2,53.681400000000004
1598140800,11656.27,11649.35,11706.78,11515.35,27.752399
1598227200,11649.27,11759.18,11827.84,11385.16,191.348515
1598313600,11744.45,11329.12,11761.99,11125.0,105.545491
1598400000,11317.73,11466.43,11536.32,11255.11,55.228375
1598486400,11460.4,11320.03,11588.68,11125.66,121.947578
1598572800,11329.22,11527.41,11539.86,11275.76,59.705649
1598659200,11527.41,11481.9,11573.28,11420.47,42.574429
1598745600,11467.58,11692.8,11710.0,11467.58,41.284754
1598832000,11714.43,11655.0,11773.44,11575.0,60.363601
1598918400,11648.13,11915.67,12048.89,11532.85,83.807537
1599004800,11913.71,11385.77,11947.02,11161.84,170.701557
1599091200,11382.69,10158.14,11455.74,9976.71,318.497458
1599177600,10149.12,10459.2,10618.52,9907.49,250.945714
1599264000,10443.53,10147.46,10560.98,9826.51,333.873799
1599350400,10170.2,10250.85,10335.04,10002.52,85.717951
1599436800,10249.99,10356.73,10403.75,9875.32,160.5332
1599523200,10386.73,10120.33,10438.09,9844.19,266.811627
1599609600,10126.18,10214.95,10348.12,9981.24,64.174465
1599696000,10212.98,10338.7,10475.88,10212.98,85.8209
1599782400,10335.36,10389.64,10398.01,10201.72,46.121523
1599868800,10396.34,10440.68,10478.71,10274.92,48.727279
1599955200,10447.72,10316.74,10576.06,10215.95,80.157771
1600041600,10324.08,10656.2,10754.08,10247.48,93.321583
1600128000,10674.48,10765.22,10926.64,10617.66,87.000065
1600214400,10779.76,10948.61,11089.47,10667.62,68.511269
1600300800,10951.48,10941.2,11044.24,10748.77,89.084524
1600387200,10942.84,10934.34,11036.46,10814.42,60.137806
1600473600,10933.91,11079.87,11181.99,10894.54,55.339778
1600560000,11066.01,10913.29,11075.73,10763.18,71.554164
1600646400,10923.84,10430.45,10987.0,10298.1,91.00968
1600732800,10419.57,10520.66,10573.23,10361.39,48.576996
1600819200,10529.4,10231.48,10533.36,10145.54,117.267695
1600905600,10242.56,10732.42,10789.58,10209.09,88.732532
1600992000,10736.88,10680.3,10761.38,10525.5,93.693196
1601078400,10686.29,10728.21,10814.86,10650.24,45.319597
1601164800,10738.3,10769.13,10799.34,10596.51,37.35364
1601251200,10782.36,10700.46,10940.96,10644.91,116.440201
1601337600,10690.79,10841.38,10867.58,10636.31,52.665951
1601424000,10845.75,10772.67,10851.53,10664.15,38.973629
1601510400,10782.79,10621.97,10912.76,10456.66,144.012703
1601596800,10595.89,10570.64,10660.0,10379.18,114.64959400000001
1601683200,10570.48,10539.04,10599.24,10497.13,23.280934
1601769600,10532.08,10666.54,10699.07,10523.1,37.834739
1601856000,10661.45,10783.0,10786.07,10619.54,56.935442
1601942400,10796.67,10598.86,10796.67,10528.95,77.009374
1602028800,10599.05,10667.21,10676.29,10548.27,35.546306
1602115200,10667.45,10926.78,10943.29,10541.0,94.8116
1602201600,10928.95,11057.75,11100.0,10831.05,95.004261
1602288000,11060.37,11296.19,11475.47,11057.74,140.199952
1602374400,11306.83,11377.21,11436.8,11275.24,74.397888
1602460800,11369.31,11534.76,11719.0,11167.04,134.332044
1602547200,11540.74,11424.77,11553.07,11312.4,138.964645
1602633600,11422.09,11421.15,11537.37,11287.37,75.071559
1602720000,11422.59,11489.69,11608.99,11257.86,107.741197
1602806400,11501.56,11315.48,11539.27,11206.51,95.416234
1602892800,11317.69,11358.66,11404.41,11256.67,35.236774
1602979200,11360.85,11500.57,11503.2,11349.42,65.917617
1603065600,11504.77,11739.23,11815.88,11410.0,131.840508
1603152000,11753.05,11916.7,12033.02,11685.0,166.701005
1603238400,11916.19,12785.0,13211.49,10150.0,444.383901
1603324800,12785.0,12983.94,13180.8,12695.95,208.686311
1603411200,12974.31,12929.34,13021.75,12730.13,99.930428
1603497600,12934.27,13106.87,13163.6,12879.02,83.046723
1603584000,13106.95,13025.11,13344.21,12893.93,140.651331
1603670400,13032.8,13062.42,13229.63,12772.58,128.888493
1603756800,13054.78,13634.68,13786.29,13047.35,164.746622
1603843200,13634.29,13281.6,13853.49,12904.63,167.828912
1603929600,13267.84,13441.16,13641.89,12980.0,149.862522
1604016000,13453.21,13559.91,13664.48,13120.56,166.81886
1604102400,13560.0,13799.01,14091.73,13425.16,146.758494
1604188800,13779.65,13749.69,13886.42,13629.62,49.02653
1604275200,13758.45,13572.31,13826.8,13201.67,150.251675
1604361600,13563.01,14013.83,14067.12,13300.0,133.245653
1604448000,14018.0,14141.89,14247.19,13540.77,198.083696
1604534400,14147.64,15589.43,15754.48,14097.27,257.667349
1604620800,15585.47,15569.24,15966.08,15182.77,261.716315
1604707200,15569.4,14817.32,15755.88,14366.05,322.715463
1604793600,14806.61,15479.82,15653.9,14706.58,139.915455
1604880000,15512.86,15323.85,15839.35,14816.86,248.022834
1604966400,15331.79,15296.25,15453.12,15079.11,95.258671
1605052800,15299.1,15695.0,15961.88,15280.6,133.311825
1605139200,15704.1,16284.38,16337.86,15456.66,246.024222
1605225600,16312.14,16324.84,16467.19,15949.83,128.256208
1605312000,16288.11,16060.48,16294.17,15714.28,92.197255
1605398400,16072.67,15948.47,16159.59,15779.45,35.504029
1605484800,15937.16,16702.53,16883.95,15873.74,141.915282
1605571200,16709.18,17664.52,17851.64,16552.05,282.074364
1605657600,17654.86,17776.29,18465.87,17231.66,462.331759
1605744000,17806.97,17811.0,18175.37,17348.97,139.761269
1605830400,17802.91,18648.05,18808.03,17752.87,209.556679
1605916800,18664.75,18690.39,18961.89,18332.83,173.283192
1606003200,18672.48,18431.25,18746.93,17621.63,220.48253
1606089600,18410.28,18368.93,18761.43,18014.81,193.948248
1606176000,18362.98,19157.11,19416.29,18016.39,268.147246
1606262400,19159.52,18732.46,19486.66,18500.0,221.091607
1606348800,18718.36,17157.0,18912.1,16217.12,805.080083
1606435200,17164.49,17137.21,17450.0,16453.41,238.306009
1606521600,17139.08,17727.7,17874.66,16867.66,150.734238
1606608000,17722.16,18170.19,18337.11,17525.71,130.316145
1606694400,18183.08,19695.93,19866.14,18183.08,486.304343
1606780800,19698.3,18777.93,19884.88,18087.28,619.201227
1606867200,18765.52,19200.94,19336.66,18332.52,355.506234
1606953600,19197.51,19421.34,19602.43,18873.45,206.958027
1607040000,19406.98,18659.04,19525.05,18577.93,367.680353
1607126400,18645.45,19148.7,19176.51,18500.0,98.698618
1607212800,19137.36,19371.19,19420.81,18864.86,114.295754
1607299200,19381.11,19185.21,19428.25,18905.46,118.610672
1607385600,19186.32,18325.63,19294.07,18188.89,263.835347
1607472000,18321.22,18546.39,18644.19,17653.54,387.659275
1607558400,18545.62,18246.54,18550.94,17930.0,229.066809
1607644800,18251.96,18027.76,18294.08,17566.6,369.010743
1607731200,18032.18,18811.26,18946.6,18023.06,176.851898
1607817600,18808.78,19175.96,19420.37,18711.27,193.794492
1607904000,19170.85,19273.23,19343.45,19007.14,203.652912
1607990400,19279.38,19428.77,19567.68,19056.5,367.574565
1608076800,19434.32,21350.8,21537.3,19284.48,691.82997
1608163200,21341.2,22812.74,23801.6,21235.72,913.689501
1608249600,22814.55,23107.85,23284.91,22351.06,307.900695
1608336000,23114.04,23827.87,24172.13,22761.33,337.209001
1608422400,23817.99,23476.66,24292.51,23081.64,341.499371
1608508800,23460.94,22739.6,24112.35,21959.66,378.437064
1608595200,22731.75,23824.13,23830.29,22381.0,297.046971
1608681600,23816.25,23223.32,24105.18,22600.0,384.221958
1608768000,23227.24,23725.66,23795.75,22710.57,289.284576
1608854400,23733.42,24698.7,24781.0,23433.62,345.775419
1608940800,24713.78,26472.63,26855.06,24489.33,336.38024
1609027200,26507.22,26281.85,28419.58,25820.0,651.828424
1609113600,26280.53,27084.18,27496.94,26099.46,330.105349
1609200000,27090.86,27359.58,27404.86,25898.79,281.974164
1609286400,27385.02,28873.33,28993.55,27385.02,473.383663
1609372800,28879.64,28905.32,29313.26,27901.0,438.695879
1609459200,28933.86,29305.29,29611.51,28649.46,298.357085
1609545600,29321.41,32162.01,33271.38,28955.02,667.482338
1609632000,32174.75,33031.74,34776.59,31942.96,701.951087
1609718400,33034.55,32005.27,33593.47,27500.0,987.279894
1609804800,31996.54,33946.09,34392.59,29937.69,765.314265
1609891200,33939.15,36756.07,36935.58,33319.67,864.714279
1609977600,36761.31,39444.65,40358.96,35813.86,770.1272739999999
1610064000,39437.66,40597.2,41958.85,36589.0,967.349503
1610150400,40574.89,40090.54,41371.87,38739.22,484.910296
1610236800,40092.11,38182.97,41330.71,35200.0,740.145562
1610323200,38166.79,35438.75,38288.44,30471.78,1870.951319
1610409600,35438.75,34041.15,36600.1,32600.0,919.597427
1610496000,34044.28,37351.77,37805.88,32403.05,843.629073
1610582400,37329.13,39175.88,40100.54,36766.07,407.515497
1610668800,39138.66,36732.12,39723.34,34444.39,554.127909
1610755200,36734.73,35982.21,37948.26,35350.0,385.981721
1610841600,35982.2,35826.78,36842.5,33859.11,308.508956
1610928000,35841.98,36627.61,37469.87,34787.46,329.067462
1611014400,36624.79,35926.59,37848.91,35874.74,340.565257
1611100800,35867.39,35484.17,36398.16,33351.36,525.9541
1611187200,35464.08,30748.54,35604.47,30191.0,895.465664
1611273600,30873.21,33045.55,33827.83,29000.0,870.318427
1611360000,32941.38,32110.3,33451.56,31400.0,210.849721
1611446400,32064.71,32276.8,33073.47,30895.25,181.797634
1611532800,32276.46,32222.22,34860.0,31937.89,275.094619
1611619200,32218.2,32457.97,32920.0,30831.41,247.095624
1611705600,32493.78,30356.27,32555.7,29250.0,301.390318
1611792000,30351.17,33311.17,33780.5,29858.1,286.030946
1611878400,33372.95,34242.42,38539.39,31929.72,987.916825
1611964800,34282.21,34240.95,34929.32,32835.91,310.242049
1612051200,34240.99,33071.34,34334.27,32166.67,190.641978
1612137600,33097.72,33545.56,34700.0,32287.34,215.258484
1612224000,33491.57,35505.83,35976.92,33440.11,251.941418
1612310400,35477.64,37633.27,37652.5,35381.06,499.415853
1612396800,37601.48,36961.45,38696.53,36181.63,794.377078
1612483200,36935.44,38306.68,38344.42,36570.91,400.513652
1612569600,38306.68,39220.16,40958.13,38209.7,271.93314
1612656000,39177.37,38789.4,39680.56,37360.12,365.480765
1612742400,38796.29,46386.93,46788.25,38009.78,589.688918
1612828800,46410.03,46468.4,48123.7,45014.73,557.381568
1612915200,46468.4,44871.28,47300.0,43700.0,477.334904
1613001600,44871.28,47961.49,48710.45,43984.89,334.624128
1613088000,47977.55,47326.29,48986.88,46157.73,374.047168
1613174400,47319.46,47110.11,48128.28,46233.27,292.697171
1613260800,47138.7,48589.46,49691.04,47011.23,182.839344
1613347200,48580.94,47907.41,48983.98,45610.03,434.841096
1613433600,47922.97,49132.87,50684.84,47037.04,449.066676
1613520000,49167.87,52039.76,52615.33,48964.28,407.383666
1613606400,52118.97,51614.67,52520.18,50914.9,336.431209
1613692800,51578.71,55876.0,56335.12,50738.02,327.562147
1613779200,55929.59,55858.83,57567.0,53865.08,300.738538
1613865600,55853.06,57425.47,58361.09,55462.71,227.730144
1613952000,57416.19,54152.15,57509.4,47913.84,567.683143
1614038400,54118.63,48903.91,54179.23,44928.36,866.735606
1614124800,48913.96,49682.98,51356.82,46953.92,358.706564
1614211200,49679.78,47075.19,52001.06,46708.76,333.527721
1614297600,47013.45,46314.74,48435.78,44111.32,457.138462
1614384000,46303.21,46113.12,48375.0,45013.6,229.097458
1614470400,46107.36,45161.6,46613.27,43000.0,372.158691
1614556800,45161.2,49617.18,49783.33,44950.13,370.24992100000003
1614643200,49566.16,48456.72,50204.7,47065.54,228.987524
1614729600,48389.21,50352.9,52631.64,48148.14,255.807299
1614816000,50377.73,48373.02,51780.29,47500.0,364.099317
1614902400,48331.2,48747.32,49430.45,46329.97,405.35635
1614988800,48773.57,48905.34,49210.46,47055.76,274.470343
1615075200,48893.35,50960.87,51447.81,48893.35,202.240914
1615161600,50996.74,52335.07,52395.78,49285.46,278.010895
1615248000,52400.0,54857.46,54890.0,51847.85,312.015916
1615334400,54889.99,55955.34,57407.64,52782.18,565.980917
1615420800,55909.78,57756.57,58129.0,54294.59,301.297684
1615507200,57761.45,57232.78,58091.65,55052.66,392.058973
1615593600,57178.52,61173.44,61822.09,56100.0,238.846735
1615680000,61203.75,58963.2,61697.85,58963.2,173.469374
1615766400,58962.85,55552.06,60611.01,54583.37,467.143221
1615852800,55565.82,56946.89,56946.89,53280.97,377.453865
1615939200,56928.63,58781.2,58974.35,54142.98,310.686163
1616025600,58975.98,57678.64,60122.56,57024.0,250.292898
1616112000,57623.45,58143.3,59459.94,56274.68,256.335715
1616198400,58040.59,58075.12,59876.34,57832.25,160.725485
1616284800,58060.15,57330.95,58571.99,55459.19,174.825296
1616371200,57392.09,54076.17,58426.53,53701.96,206.56348
1616457600,54066.67,54387.68,55829.74,53000.07,225.545178
1616544000,54303.69,52307.69,57184.47,51000.0,323.138914
1616630400,52294.13,51304.0,53228.87,50444.23,316.578315
1616716800,51311.64,55028.38,55091.44,51283.54,240.605987
1616803200,55028.36,55839.0,56632.08,53944.2,194.577652
1616889600,55823.71,55773.8,56541.9,54687.88,140.569613
1616976000,55809.0,57611.51,58401.15,54914.74,212.479431
1617062400,57677.07,58747.49,59359.65,57076.67,143.911921
1617148800,58717.24,58773.06,59787.24,56857.7,261.078594
1617235200,58747.08,58723.68,59487.01,57943.49,225.885576
1617321600,58735.38,58980.0,60171.61,58444.89,278.604685
1617408000,58958.71,57054.29,59780.83,56897.85,279.639129
1617494400,57061.2,58179.83,58482.2,56442.0,244.953418
1617580800,58236.24,59110.55,59259.78,56801.82,194.500456
1617667200,59131.13,57995.35,59500.0,57401.96,372.22847
1617753600,57995.35,55921.81,58643.67,55470.1,618.893009
1617840000,55940.45,58070.47,58144.15,55690.9,239.497105
1617926400,58081.86,58114.3,58886.76,57660.43,223.299192
1618012800,58148.26,59776.67,61353.31,57892.24,460.593003
1618099200,59779.45,60001.4,60693.74,59231.65,400.123347
1618185600,60002.61,59870.0,61259.43,59428.57,341.193748
1618272000,59870.0,63555.57,63749.42,59826.57,479.892121
1618358400,63607.7,62940.36,64853.59,61321.56,738.306728
1618444800,63019.42,63161.09,63767.34,62038.65,288.18601
1618531200,63193.73,61345.0,63510.88,60006.79,698.337589
1618617600,61345.0,60000.96,62500.0,59608.3,355.803604
1618704000,60010.75,56155.11,60366.84,51000.74,1810.623187
1618790400,56152.95,55607.18,57513.51,54242.56,761.96758
1618876800,55623.02,56430.65,57084.74,53353.6,923.594545
1618963200,56430.65,53788.72,56756.47,53626.3,636.905988
1619049600,53806.36,51694.18,55463.66,50481.03,1169.265697
1619136000,51692.95,51121.61,52119.17,47509.6,963.76669
1619222400,51125.96,50042.37,51186.03,48675.17,455.961209
1619308800,50082.49,49063.82,50571.42,46957.72,776.05531
1619395200,49082.7,54019.14,54333.33,48777.77,867.406534
1619481600,53991.9,55008.96,55447.05,53248.44,628.331125
1619568000,55012.03,54831.52,56427.44,53813.23,576.4614
1619654400,54871.95,53557.33,55190.72,52328.22,420.210864
1619740800,53557.85,57707.15,57915.1,53051.59,599.026329
1619827200,57698.27,57780.38,58467.76,57003.72,382.413561
1619913600,57800.0,56577.85,57913.32,56057.84,374.101697
1620000000,56577.85,57162.07,58964.91,56463.54,507.009012
1620086400,57162.08,53206.25,57189.19,53084.81,853.466002
1620172800,53196.41,57430.25,57988.13,52914.2,818.784275
1620259200,57439.07,56404.09,58358.14,55267.08,633.36826
1620345600,56410.73,57328.39,58657.56,55219.66,625.311178
1620432000,57303.44,58861.73,59615.9,56933.24,548.632419
1620518400,58881.25,58235.83,59223.28,56266.44,535.560584
1620604800,58253.12,55815.35,59516.44,53588.23,916.84421
1620691200,55795.74,56674.93,56886.54,54484.15,503.489901
1620777600,56679.21,49734.81,57995.75,48645.6,852.650386
1620864000,49666.15,49669.51,51367.91,45825.78,1946.043354
1620950400,49651.56,49850.56,51470.82,48830.57,519.566248
1621036800,49856.09,46764.44,50689.76,46561.24,520.721006
1621123200,46764.43,46431.1,49785.42,43879.82,1076.519614
1621209600,46413.31,43547.02,46612.88,42113.36,1342.450469
1621296000,43584.18,42848.25,45783.51,42252.71,835.253153
1621382400,42858.47,36653.5,43586.43,30116.81,3229.080039
1621468800,36672.13,40517.63,42415.23,34933.59,2607.465859
1621555200,40502.48,37269.42,42201.52,33500.0,2874.142127
1621641600,37199.43,37459.95,38831.23,35215.38,1835.644948
1621728000,37457.21,34646.69,38272.17,31109.0,2893.844956
1621814400,34668.82,38800.0,39916.7,34383.3,1350.74981
1621900800,38800.0,38346.31,39802.98,36445.8,1254.662927
1621987200,38330.47,39229.25,40834.13,37807.82,1129.246372
1622073600,39220.87,38517.1,40397.39,37138.13,1117.809695
1622160000,38531.8,35648.81,38868.51,34703.49,1922.337302
1622246400,35666.61,34598.17,37306.11,33629.63,2000.245242
1622332800,34605.72,35644.74,36497.16,33390.67,804.187816
1622419200,35623.36,37278.91,37492.93,34159.81,929.837321
1622505600,37260.86,36661.22,37907.9,35673.63,863.296474
1622592000,36699.03,37579.07,38226.44,35937.84,511.252851
1622678400,37553.86,39235.62,39467.3,37159.14,501.372308
1622764800,39249.74,36849.63,39291.0,35580.6,761.906576
1622851200,36827.12,35520.64,37909.11,34813.63,692.967896
1622937600,35520.63,35800.33,36466.16,35229.93,450.638409
1623024000,35786.7,33574.51,36796.64,33293.73,736.999312
1623110400,33551.19,33375.75,34062.08,31007.99,1135.773614
1623196800,33384.21,37387.12,37529.42,32400.0,1254.513945
1623283200,37398.73,36656.06,38429.32,35793.04,985.865997
1623369600,36730.0,37336.65,37667.81,35954.63,765.615706
1623456000,37348.27,35528.99,37454.93,34600.83,652.202114
1623542400,35528.99,39017.71,39362.54,34772.02,780.296094
1623628800,39032.5,40522.72,41045.45,38739.09,849.361417
1623715200,40528.17,40154.51,41356.9,39536.75,610.275926
1623801600,40134.0,38351.86,40522.07,38119.12,675.958044
1623888000,38330.04,38094.04,39542.38,37378.93,764.534361
1623974400,38063.65,35824.6,38195.67,31000.0,1084.997908
1624060800,35814.46,35493.08,36452.48,34830.14,874.417075
1624147200,35484.89,35593.24,36132.13,33342.36,1259.84697
1624233600,35608.32,31616.31,35742.84,31254.29,3321.749211
1624320000,31614.45,32496.39,33295.8,28812.78,2127.805597
1624406400,32509.3,33664.27,34838.8,31670.94,1836.143088
1624492800,33675.5,34653.19,35279.2,32313.37,1034.194571
1624579200,34711.06,31592.52,35499.14,31270.83,1289.67848
1624665600,31578.88,32271.79,32711.25,30161.2,1662.163429
1624752000,32294.65,34692.49,34748.64,32000.19,1102.643534
1624838400,34709.02,34487.91,35285.42,33884.84,731.538894
1624924800,34487.57,35922.17,36605.26,34235.93,656.54945
1625011200,35894.9,35036.58,36088.87,34013.34,558.669277
1625097600,35048.78,33506.98,35048.78,32720.03,786.487139
1625184000,33502.26,33796.99,33971.12,32698.4,654.513379
1625270400,33831.62,34680.62,34943.45,33322.38,329.473886
1625356800,34648.23,35280.51,35955.94,34374.99,290.759907
1625443200,35271.85,33704.45,35271.85,33138.52,452.172232
1625529600,33693.05,34217.95,35098.77,33532.93,419.553226
1625616000,34178.7,33856.82,35050.0,33789.71,248.928842
1625702400,33849.49,32865.32,33910.81,32082.19,409.384321
1625788800,32825.9,33800.0,34098.94,32269.96,219.250004
1625875200,33809.13,33521.39,34259.02,33037.11,144.937288
1625961600,33507.55,34219.66,34608.53,33315.62,114.949624
1626048000,34257.39,33095.72,34672.14,32660.9,222.171472
1626134400,33080.47,32735.35,33333.33,32212.0,229.918775
1626220800,32720.31,32833.28,33101.8,31592.44,315.796934
1626307200,32804.36,31880.94,33190.35,31146.74,268.997992
1626393600,31868.53,31384.87,32246.13,31032.34,241.814452
1626480000,31373.98,31496.21,31962.49,31173.03,154.382012
1626566400,31485.79,31772.22,32440.18,31111.12,148.102181
1626652800,31796.51,30807.0,31893.64,30418.08,221.956478
1626739200,30836.68,29793.14,31058.04,29285.64,311.156764
1626825600,29817.41,32137.9,32827.16,29485.51,508.029604
1626912000,32136.1,32288.45,32585.53,31717.4,210.069007
1626998400,32309.79,33617.19,33629.45,31988.51,253.381513
1627084800,33631.54,34256.95,34487.56,33406.18,206.847126
1627171200,34257.61,35376.42,35400.0,33859.48,182.421594
1627257600,35400.17,37238.35,40552.97,35228.72,1520.271596
1627344000,37228.04,39451.15,39539.28,36388.38,1240.66946
1627430400,39478.73,40004.07,40904.2,38801.68,1508.581574
1627516800,40015.28,40024.95,40638.33,39246.14,690.60712
1627603200,40036.67,42184.71,42304.59,38319.41,880.797299
1627689600,42202.67,41467.43,42406.06,41042.3,613.804641
1627776000,41454.28,39867.61,42572.97,39435.07,726.429297
1627862400,39854.9,39134.75,40448.59,38690.0,720.230539
1627948800,39131.81,38207.64,39772.59,37624.27,854.945391
1628035200,38187.16,39717.83,39960.18,37502.81,910.347618
1628121600,39734.44,40850.68,41351.73,37324.64,949.729226
1628208000,40879.64,42778.58,43357.2,39871.81,1078.789467
1628294400,42840.78,44569.13,44703.76,42466.76,739.671574
1628380800,44591.85,43800.1,45323.78,43267.87,897.223522
1628467200,43787.81,46259.86,46450.0,42792.26,898.425457
1628553600,46266.87,45607.09,46729.77,44646.75,536.456836
1628640000,45571.98,45514.26,46756.6,45337.43,572.938043
1628726400,45514.26,44413.58,46225.03,43774.29,802.047075
1628812800,44417.93,47810.29,47887.04,44232.45,571.206019
1628899200,47808.98,47057.95,48142.35,46007.85,525.211238
1628985600,47088.11,47026.59,47369.86,45498.97,444.754706
1629072000,46968.06,45910.68,48042.76,45666.66,601.57376
1629158400,45892.51,44684.76,47165.41,44387.37,560.283212
1629244800,44687.23,44712.79,46015.73,44210.52,553.942528
1629331200,44719.39,46766.09,47037.31,43946.05,571.692102
1629417600,46773.08,49330.28,49398.55,46654.37,530.624469
1629504000,49326.73,48828.44,49786.94,48250.0,423.011787
1629590400,48811.93,49237.98,49491.21,48053.85,334.488609
1629676800,49256.32,49511.25,50519.73,49033.55,347.963542
1629763200,49471.73,47687.62,49855.83,47600.74,408.902002
1629849600,47691.39,48992.13,49249.38,47124.15,317.386566
1629936000,48981.39,46832.32,49352.48,46289.31,493.754659
1630022400,46853.72,49065.69,49145.45,46346.8,342.391413
1630108800,49058.85,48893.12,49294.85,48351.66,196.051516
1630195200,48904.82,48766.23,49625.73,47766.64,286.036849
1630281600,48766.23,46973.36,48864.24,46860.25,330.597106
1630368000,46971.17,47104.02,48244.76,46700.0,286.739779
1630454400,47094.77,48824.52,49154.87,46523.64,310.557194
1630540800,48824.63,49262.09,50368.39,48599.52,350.822048
1630627200,49261.75,50006.77,51036.51,48344.77,526.533146
1630713600,49993.48,49924.04,50527.47,49374.49,214.21538
1630800000,49938.74,51766.08,51884.48,49461.18,223.970273
1630886400,51771.94,52670.46,52777.26,51000.0,306.111485
1630972800,52655.13,46854.08,52921.17,42842.06,1137.487028
1631059200,46852.57,46076.92,47332.92,44404.0,848.989813
1631145600,46063.39,46376.72,47399.7,45523.81,487.663798
1631232000,46370.43,44855.96,47046.55,44129.41,465.792272
1631318400,44838.69,45148.04,45988.21,44722.75,247.914549
1631404800,45162.55,46027.77,46482.91,44747.08,225.996135
1631491200,46032.51,44966.38,46868.0,43400.01,769.224898
1631577600,44953.61,47115.67,47253.93,44646.41,401.86439
1631664000,47088.05,48122.51,48449.82,46693.49,242.342119
1631750400,48132.64,47778.21,48483.87,47019.16,235.202393
1631836800,47761.34,47297.06,48149.99,46750.0,321.851847
1631923200,47297.06,48298.24,48822.96,47043.47,309.632992
1632009600,48280.26,47253.0,48358.1,46841.36,317.519974
1632096000,47260.38,43024.3,47335.39,42477.34,1333.091361
1632182400,43017.59,40711.34,43628.08,39601.76,670.608756
1632268800,40742.78,43569.32,44044.97,40573.44,308.481947
1632355200,43545.89,44873.52,44970.0,43081.39,492.04772
1632441600,44856.8,42825.93,45166.9,40701.68,495.596922
1632528000,42816.59,42691.47,42971.84,41660.34,428.330488
1632614400,42674.74,43157.31,43947.66,40753.56,299.6972
1632700800,43138.88,42163.05,44357.56,42101.09,207.507216
1632787200,42135.62,41027.56,42761.9,40878.18,212.982702
1632873600,41027.56,41540.88,42600.0,40753.27,159.839779
1632960000,41540.87,43814.04,44107.61,41413.79,230.712581
1633046400,43825.91,48141.86,48454.35,43296.61,434.783915
1633132800,48141.86,47673.42,48329.32,47432.44,92.462526
1633219200,47652.54,48193.6,49213.41,47085.02,140.454943
1633305600,48188.92,49209.86,49490.82,46902.4,231.397469
1633392000,49209.98,51472.55,51887.58,49048.35,242.549091
1633478400,51453.36,55314.08,55763.34,50399.09,578.993271
1633564800,55326.96,53759.47,55335.86,53372.79,319.263736
1633651200,53786.77,53931.59,56108.63,53626.09,202.765858
1633737600,53974.27,54909.73,55469.69,53673.33,94.383476
1633824000,54929.4,54632.2,56517.37,54106.64,159.560014
1633910400,54650.0,57472.39,57828.75,54425.55,196.150945
1633996800,57452.25,56008.43,57667.6,53918.36,304.384578
1634083200,55994.38,57381.02,57767.57,54243.01,330.799268
1634169600,57374.38,57323.25,58522.72,56838.93,257.861185
1634256000,57335.18,61692.71,62921.75,56868.66,568.478276
1634342400,61705.9,60875.66,62355.71,60152.52,193.45106
1634428800,60882.41,61522.79,61765.36,58950.0,264.328583
1634515200,61558.1,62069.63,62697.12,59887.66,363.712873
1634601600,62035.82,64287.6,64470.07,61361.15,535.998815
1634688000,64300.48,66010.31,67018.63,63511.28,368.213992
1634774400,65991.72,62202.64,66642.09,62003.91,527.213957
1634860800,62202.64,60701.38,63718.37,60022.06,355.27964
1634947200,60666.1,61291.02,61729.12,59602.68,146.715675
1635033600,61312.35,60869.33,61456.99,59525.69,190.081443
1635120000,60886.74,63079.59,63723.55,60644.15,182.497893
1635206400,63099.08,60312.97,63287.36,59852.95,216.903533
1635292800,60301.41,58409.03,61475.81,58035.54,408.39149
1635379200,58435.87,60596.98,62459.33,57802.53,626.118139
1635465600,60564.1,62252.25,62955.51,60188.25,396.651846
1635552000,62275.71,61870.93,62355.63,60732.29,231.412042
1635638400,61882.1,61311.4,62389.28,59967.91,262.520374
1635724800,61336.41,60913.6,62428.57,59430.32,353.261199
1635811200,60891.41,63180.46,64266.13,60650.37,301.599019
1635897600,63224.11,62896.54,63514.5,60069.42,399.915045
1635984000,62912.21,61424.36,63115.47,60678.25,322.759893
1636070400,61383.49,60975.0,62584.47,60727.49,233.404191
1636156800,60924.14,61465.74,61550.72,60068.81,167.22456
1636243200,61465.74,63266.35,63282.63,61317.02,196.214406
1636329600,63266.35,67530.41,67773.37,63266.35,415.196129
1636416000,67548.75,66902.74,68534.87,66230.0,324.379486
1636502400,66956.22,64922.02,69011.86,62876.09,572.386663
1636588800,64839.59,64781.2,65595.87,64112.24,263.199936
1636675200,64781.2,64163.06,65455.1,62254.23,320.149399
1636761600,64120.23,64374.97,64961.44,63382.24,105.074003
1636848000,64412.42,65512.38,65512.38,63588.82,173.664208
1636934400,65504.62,63601.17,66323.84,63414.52,205.837938
1637020800,63611.74,60082.69,63611.74,58562.5,663.185431
1637107200,60056.9,60359.33,60815.33,58383.53,285.343089
1637193600,60356.32,56893.67,60968.31,56459.84,558.469064
1637280000,56878.24,58055.9,58325.33,55589.06,304.339564
1637366400,58083.08,59691.07,59840.82,57373.63,182.64055199999999
1637452800,59699.3,58636.83,60015.0,58511.38,155.736444
1637539200,58612.01,56270.12,59419.76,55610.03,454.657021
1637625600,56233.11,57557.38,57850.46,55373.29,506.736364
1637712000,57562.46,57181.79,57722.85,55882.76,318.365728
1637798400,57146.09,58920.0,59386.73,57002.23,310.981716
1637884800,58990.0,53738.41,59177.7,53484.35,551.084731
1637971200,53720.4,54781.48,55272.05,53623.82,118.654099
1638057600,54607.42,57315.18,57427.05,53293.11,202.788018
1638144000,57318.34,57785.64,58850.29,56676.38,218.608689
1638230400,57774.66,56938.26,59169.19,55873.06,364.147211
1638316800,56975.25,57211.7,59037.85,56468.39,241.850967
1638403200,57178.62,56520.76,57368.02,55789.75,167.960101
1638489600,56544.33,53624.36,57601.83,51694.02,342.88023
1638576000,53647.22,49181.98,53854.41,41582.75,1029.99014
1638662400,49189.69,49391.47,49681.1,47760.62,225.157464
1638748800,49393.93,50479.63,50901.02,47146.36,340.80653
1638835200,50455.88,50571.59,51923.92,50028.51,186.483445
1638921600,50591.23,50434.23,51182.86,48612.97,177.887907
1639008000,50500.12,47597.02,50790.76,47319.19,193.241055
1639094400,47660.32,47155.25,50094.97,46879.9,269.083313
1639180800,47136.61,49381.58,49473.68,46754.34,137.503939
1639267200,49401.13,50065.68,50769.99,48651.42,180.681341
1639353600,50049.14,46742.7,50176.72,45733.1,358.027503
1639440000,46649.95,48348.14,48658.32,46290.46,187.918934
1639526400,48348.14,48856.83,49475.15,46554.14,356.123007
1639612800,48860.61,47645.98,49421.34,47508.64,144.11473900000001
1639699200,47589.97,46198.74,47981.39,45471.15,176.837447
1639785600,46127.67,46833.79,47338.53,45517.26,74.661085
1639872000,46806.02,46687.36,48296.15,46419.83,98.544189
1639958400,46670.19,46895.53,47528.65,45566.09,116.857343
1640044800,46925.88,48860.67,49296.54,46666.66,157.793341
1640131200,48917.45,48583.5,49556.78,48447.73,101.194079
1640217600,48626.93,50789.62,51378.06,48020.2,146.365645
1640304000,50840.26,50801.29,51818.46,50424.24,90.465869
1640390400,50836.15,50418.07,51140.54,50131.56,55.915901
1640476800,50390.05,50752.76,51300.0,49433.78,85.915949
1640563200,50771.09,50662.87,52082.54,50458.74,107.132944
1640649600,50708.38,47533.28,50708.38,47315.88,183.875966
1640736000,47570.65,46436.79,48138.91,46099.81,134.338882
1640822400,46475.35,47135.98,47895.8,45942.1,123.647337
1640908800,47105.87,46213.76,48559.05,45669.33,158.73882
1640995200,46192.43,47737.6,47939.39,46192.43,108.92603
1641081600,47716.44,47339.15,47975.79,46675.97,86.077014
1641168000,47300.67,46438.64,47573.7,45688.53,134.352863
1641254400,46494.93,45849.98,47535.3,45518.0,98.406846
1641340800,45838.76,43438.22,47056.53,42504.51,282.935453
1641427200,43438.22,43142.34,43769.41,42416.13,148.216362
1641513600,43100.84,41544.89,43145.95,40595.47,325.36647
1641600000,41625.05,41691.66,42318.07,40502.75,180.698146
1641686400,41696.34,41874.55,42784.53,41221.57,115.056972
1641772800,41842.71,41816.54,42225.13,39653.48,292.533467
1641859200,41840.61,42745.68,43104.42,41271.84,211.780839
1641945600,42742.1,43904.77,44306.78,42439.0,166.471703
1642032000,43930.4,42543.91,44422.59,42322.19,219.541583
1642118400,42585.13,43075.54,43441.29,41770.37,153.185975
1642204800,43062.89,43075.87,43789.47,42565.65,131.65206799999999
1642291200,43082.67,43070.22,43478.57,42606.27,188.783103
1642377600,43087.26,42205.13,43173.19,41553.63,109.542755
1642464000,42214.43,42361.58,42681.88,41276.22,131.986052
1642550400,42364.8,41660.51,42561.91,41151.51,222.694618
1642636800,41664.64,40690.58,43505.05,40564.54,241.916092
1642723200,40675.63,36474.82,41093.77,35450.11,820.2425029999999
1642809600,36445.31,35072.22,36832.05,34026.25,649.453953
1642896000,35083.42,36264.17,36500.0,34613.26,323.141616
1642982400,36254.02,36638.61,37529.16,32946.64,848.892627
1643068800,36674.79,36944.5,37534.02,35698.66,166.719889
1643155200,36970.03,36806.1,38899.87,36263.62,260.837572
1643241600,36721.62,37189.32,37222.22,35521.43,194.804451
1643328000,37166.12,37745.25,38000.0,36173.91,117.730098
1643414400,37743.43,38155.0,38710.64,37304.95,166.421527
1643500800,38161.39,37917.6,38367.74,37346.43,123.075997
1643587200,37937.51,38477.61,38731.81,36633.56,232.94102
1643673600,38471.0,38694.4,39290.74,38011.11,294.273931
1643760000,38721.1,36907.94,38857.95,36596.2,202.048585
1643846400,36901.29,37296.17,37354.27,36256.76,227.736013
1643932800,37333.73,41578.7,41786.18,37039.57,478.786058
1644019200,41578.72,41413.49,41913.84,40938.83,182.508622
1644105600,41450.64,42412.6,42668.93,41125.74,156.954855
1644192000,42407.23,43822.1,44502.93,41652.86,343.48216
1644278400,43854.64,44027.06,45483.41,42673.45,458.743737
1644364800,44081.06,44382.13,44803.47,43136.03,266.098958
1644451200,44393.58,43489.69,45827.12,43182.61,699.980349
1644537600,43468.76,42398.13,43916.66,41946.24,351.878349
1644624000,42366.25,42252.67,43000.25,41714.68,178.724378
1644710400,42236.48,42032.23,42753.36,41873.25,100.461391
1644796800,42087.0,42541.22,42837.67,41563.49,206.496837
1644883200,42558.44,44536.2,44742.18,42446.68,235.731616
1644969600,44561.6,43892.43,44561.6,43318.04,130.720181
1645056000,43865.89,40564.25,44157.76,40071.06,359.031834
1645142400,40481.43,40010.25,40994.37,39454.86,282.172629
1645228800,39983.62,40119.04,40446.06,39650.23,54.906016
1645315200,40099.81,38339.8,40103.58,37988.68,181.970588
1645401600,38427.93,37027.25,39477.48,36811.44,499.920163
1645488000,37035.04,38211.48,38414.17,36353.07,313.154546
1645574400,38239.0,37202.52,39237.59,37062.43,184.575756
1645660800,37225.4,38297.1,39788.79,34316.84,788.816769
1645747200,38330.65,39221.12,39678.96,38013.13,255.70831
1645833600,39201.13,39111.11,40283.92,38586.13,142.971765
1645920000,39129.2,37691.03,39850.71,36999.09,282.099937
1646006400,37690.35,43170.95,44209.56,37442.99,585.939547
1646092800,43193.64,44396.56,44950.0,42844.8,242.320383
1646179200,44400.0,43925.39,45300.0,43343.96,289.671327
1646265600,43848.26,42466.67,44085.03,41823.29,141.903472
1646352000,42476.78,39123.41,42504.22,38565.08,158.787156
1646438400,39128.91,39405.13,39597.29,38586.13,76.470685
1646524800,39381.39,38403.71,39678.96,38075.6,124.69033999999999
1646611200,38398.05,38000.0,39541.2,37153.29,162.718685
1646697600,37979.03,38760.68,39359.38,37880.62,170.05626
1646784000,38709.43,41946.36,42662.68,38656.31,278.60096
1646870400,41965.73,39405.57,42057.09,38550.97,308.395251
1646956800,39433.86,38737.06,40222.22,38229.88,186.321679
1647043200,38730.94,38831.47,39456.79,38664.07,72.765824
1647129600,38794.64,37801.76,39312.15,37591.9,91.257149
1647216000,37775.87,39678.82,39907.26,37565.35,105.331676
1647302400,39689.38,39323.72,39878.76,38130.01,116.456684
1647388800,39300.53,41130.24,41693.93,38851.4,326.952225
1647475200,41106.25,40928.58,41457.33,40510.27,88.30345
1647561600,40921.53,41740.59,42325.56,40161.91,104.403429
1647648000,41814.57,42191.28,42384.8,41518.77,69.351241
1647734400,42216.84,41210.22,42278.03,40911.7,80.230749
1647820800,41259.74,41026.23,41537.18,40490.29,91.883464
1647907200,41000.78,42336.46,43327.15,40888.53,160.27039
1647993600,42372.03,42899.87,43025.16,41752.56,123.224956
1648080000,42896.38,43970.89,44214.84,42611.81,121.653184
1648166400,43970.9,44272.03,45083.72,43569.36,97.12521699999999
1648252800,44319.69,44540.58,44788.05,44068.01,43.22388
1648339200,44530.04,46829.01,46974.31,44430.17,107.16026
1648425600,46818.97,47071.72,48203.19,46663.72,178.701275
1648512000,47092.34,47423.0,48101.76,46911.88,93.715067
1648598400,47453.01,46966.07,47694.91,46543.42,102.184306
1648684800,47058.6,45483.67,47601.77,45208.16,100.26904
1648771200,45492.82,46267.8,46708.66,44229.11,102.550555
1648857600,46274.2,45808.74,47207.71,45631.46,90.287264
1648944000,45798.39,46397.51,47443.47,45506.33,91.060307
1649030400,46402.64,46586.31,46881.5,45118.34,116.845379
1649116800,46600.33,45507.23,47189.77,45373.43,81.579477
1649203200,45478.05,43127.38,45500.7,43127.38,140.713292
1649289600,43158.72,43477.16,43902.18,42743.1,61.474214
1649376000,43465.23,42287.25,43975.83,42106.44,85.41257
1649462400,42240.35,42776.93,42792.28,42131.46,35.56458
1649548800,42775.68,42082.48,43410.43,41872.61,62.878373
1649635200,42082.25,39530.2,42406.01,39211.5,160.300553
1649721600,39529.98,40103.5,40778.42,39260.45,176.036963
1649808000,40049.71,41133.85,41566.78,39576.42,181.517424
1649894400,41074.45,39905.52,41492.74,39564.77,104.642336
1649980800,39942.37,40569.57,40850.16,39777.49,73.866847
1650067200,40553.78,40377.6,40702.54,40000.0,51.376009
1650153600,40377.6,39682.49,40593.69,39550.0,66.614673
1650240000,39671.76,40816.76,41077.28,38549.85,200.170102
1650326400,40804.2,41488.98,41772.07,40577.18,111.765252
1650412800,41480.93,41368.12,42197.75,40847.45,90.062711
1650499200,41366.5,40489.91,42966.94,39781.04,163.413591
1650585600,40471.8,39720.26,40789.48,39184.92,133.77744
1650672000,39709.18,39428.27,39977.12,39283.86,53.504524
1650758400,39443.96,39434.87,39927.78,38977.06,123.038982
1650844800,39450.12,40424.99,40595.71,38200.0,268.125274
1650931200,40424.99,38131.45,40784.28,37706.39,172.764463
1651017600,38119.83,39220.8,39464.51,37887.0,165.275804
1651104000,39240.6,39749.7,40374.52,38887.29,126.620153
1651190400,39749.6,38600.3,39920.56,38179.9,112.075083
1651276800,38594.59,37633.06,38789.19,37585.99,95.557287
1651363200,37624.01,38485.9,38667.84,37400.0,108.478017
1651449600,38482.82,38517.8,39155.03,38049.85,127.688289
1651536000,38519.49,37745.43,38642.08,37526.35,106.634445
1651622400,37733.12,39671.2,40058.21,37658.84,124.32594
1651708800,39690.25,36558.02,39841.42,35603.03,243.301604
1651795200,36557.51,36023.1,36680.3,35280.0,170.427931
1651881600,36016.63,35479.24,36133.66,34792.87,99.739475
1651968000,35465.9,34063.7,35517.56,33642.05,156.691724
1652054400,34067.56,30109.56,34242.81,30055.99,339.865718
1652140800,30068.23,31017.98,32637.33,29758.94,892.510819
1652227200,31010.04,29113.86,32148.74,27751.17,1001.2835210000001
1652313600,29107.86,29034.65,30223.66,26580.29,795.111687
1652400000,29034.84,29314.32,31051.35,28768.0,171.26059899999998
1652486400,29280.19,30086.0,30327.58,28643.91,81.873256
1652572800,30102.07,31347.35,31455.3,29489.88,131.689876
1652659200,31314.0,29878.68,31317.62,29106.15,259.534572
1652745600,29883.67,30449.21,30769.64,29460.93,120.392453
1652832000,30449.94,28655.07,30713.8,28655.07,165.389675
1652918400,28712.19,30321.04,30543.02,28694.5,134.07165
1653004800,30306.58,29203.99,30759.75,28736.62,145.810354
1653091200,29203.56,29441.37,29647.2,28950.88,87.59979
1653177600,29441.37,30286.69,30482.43,29265.65,100.59313
1653264000,30283.65,29092.0,30661.51,28877.84,212.201092
1653350400,29114.73,29663.83,29853.83,28679.68,95.132446
1653436800,29642.59,29540.5,30212.77,29344.02,103.291255
1653523200,29545.91,29218.87,29879.31,28028.24,226.679657
1653609600,29188.43,28625.99,29388.43,28262.79,185.650949
1653696000,28619.49,29042.26,29242.53,28510.39,64.546142
1653782400,29031.49,29479.0,29582.69,28841.76,81.233107
1653868800,29472.74,31760.68,32200.0,29303.42,197.533881
1653955200,31743.03,31785.26,32400.0,30800.0,370.734529
1654041600,31814.89,29810.54,31978.77,29341.06,182.238895
1654128000,29805.98,30483.8,30672.86,29600.0,131.893465
1654214400,30450.77,29704.16,30700.02,29280.83,93.371307
1654300800,29713.66,29857.95,29963.45,29482.0,42.250285
1654387200,29871.06,29923.99,30188.61,29533.88,47.41567
1654473600,29913.05,31389.07,31759.8,29888.09,211.125765
1654560000,31380.08,31119.2,31572.0,29227.88,405.316011
1654646400,31129.76,30210.32,31321.79,29858.18,236.655892
1654732800,30205.09,30106.6,30698.76,29950.95,111.202978
1654819200,30081.11,29092.31,30361.83,28860.9,416.234925
1654905600,29101.47,28421.24,29438.49,28116.09,265.71722
1654992000,28428.33,26605.92,28543.9,26563.88,490.741524
1655078400,26567.95,22491.54,26878.97,21946.86,2187.475274
1655164800,22478.08,22129.68,23344.11,20850.78,1720.9219600000001
1655251200,22116.09,22594.59,22784.93,20107.35,1896.1506
1655337600,22573.55,20372.31,22991.02,20213.86,713.625547
1655424000,20410.04,20459.81,21357.99,20246.03,427.465932
1655510400,20460.84,18981.18,20753.25,17621.36,1236.12136
1655596800,18976.6,20573.02,20816.54,17967.28,1418.743834
1655683200,20562.4,20581.14,21071.27,19633.52,740.705159
1655769600,20570.01,20718.92,21721.44,20360.62,545.460148
1655856000,20729.37,19990.66,20893.74,19765.53,1027.906551
1655942400,19985.54,21113.1,21240.41,19886.1,1154.579803
1656028800,21107.16,21232.7,21554.67,20716.89,1083.168323
1656115200,21242.86,21492.57,21609.07,20913.53,473.342072
1656201600,21489.82,21047.27,21882.15,20979.11,586.391143
1656288000,21035.02,20729.39,21538.4,20520.44,706.578276
1656374400,20735.95,20280.68,21210.85,20197.04,1245.63697
1656460800,20275.2,20117.99,20439.6,19851.47,2589.682853
1656547200,20129.62,19940.13,20170.34,18634.59,3450.195515
1656633600,19956.33,19272.73,20896.68,18938.8,4278.957469
1656720000,19284.64,19253.68,19448.82,18985.87,1978.595008
1656806400,19250.87,19311.49,19638.01,18771.29,1181.20005
1656892800,19318.17,20238.1,20347.3,19056.52,1863.170875
1656979200,20233.33,20185.21,20746.4,19303.99,2856.16758
1657065600,20179.63,20567.15,20665.41,19764.9,2200.783659
1657152000,20569.34,21624.52,21845.27,20265.0,2048.788396
1657238400,21631.89,21601.94,22524.95,21181.81,3201.803268
1657324800,21602.92,21585.81,21966.62,21323.57,1495.652609
1657411200,21590.81,20857.32,21601.25,20651.96,1101.43485
1657497600,20865.62,19963.13,20866.66,19890.27,1352.0687990000001
1657584000,19960.72,19328.04,20060.07,19247.83,1810.723807
1657670400,19323.73,20237.45,20333.81,18910.87,3447.978008
1657756800,20241.06,20589.95,20887.74,19620.83,2992.041014
1657843200,20586.9,20832.31,21200.0,20379.3,1681.772136
1657929600,20824.26,21204.34,21573.65,20480.1,1305.40153
1658016000,21193.15,20784.16,21666.3,20752.48,577.679989
1658102400,20794.4,22430.75,22765.2,20775.26,2076.845181
1658188800,22446.97,23393.18,23793.1,21592.03,3743.369623
1658275200,23390.04,23221.98,24278.63,22919.55,5606.13532
1658361600,23216.53,23150.42,23425.79,22346.27,3376.162305
1658448000,23145.95,22687.98,23747.72,22506.79,3357.28147
1658534400,22685.82,22450.41,22999.46,21947.35,2869.999605
1658620800,22450.14,22588.97,23025.24,22261.75,1619.482936
1658707200,22582.59,21307.76,22666.41,21257.04,2987.4332679999998
1658793600,21305.21,21259.41,21346.09,20718.0,2532.128467
1658880000,21260.37,22946.39,23098.85,21044.05,1717.760383
1658966400,22959.62,23843.83,24190.66,22581.44,1805.848049
1659052800,23837.99,23771.51,24435.82,23428.58,1454.793503
1659139200,23767.77,23640.17,24663.55,23514.76,903.628945
1659225600,23639.65,23298.8,24182.58,23230.54,800.672856
1659312000,23291.35,23273.67,23497.99,22851.0,1304.906669
1659398400,23271.66,22981.68,23448.27,22656.61,1539.217691
1659484800,22984.1,22820.42,23641.97,22680.67,1816.090399
1659571200,22812.4,22609.71,23219.5,22402.71,2488.694177
1659657600,22617.04,23318.34,23463.62,22589.36,1906.857334
1659744000,23317.87,22951.63,23349.22,22914.29,670.121366
1659830400,22954.5,23174.87,23388.88,22847.27,619.753176
1659916800,23178.64,23810.28,24245.69,23155.54,1607.526521
1660003200,23804.79,23150.08,23921.09,22868.3,1741.707609
1660089600,23144.72,23951.04,24222.97,22655.03,1567.681602
1660176000,23956.24,23932.84,24917.48,23851.16,1981.491525
1660262400,23941.94,24402.87,24449.95,23586.35,2169.536481
1660348800,24400.03,24436.08,24889.0,24297.29,1509.997544
1660435200,24447.26,24302.12,25023.89,24147.32,1348.468089
1660521600,24304.85,24091.64,25203.74,23774.26,2619.357313
1660608000,24086.4,23855.92,24246.26,23668.3,2189.526464
1660694400,23852.36,23348.83,24440.72,23184.59,2277.25595
1660780800,23349.03,23195.31,23594.25,23121.09,951.515327
1660867200,23188.04,20832.56,23205.55,20775.0,4078.528899
1660953600,20829.28,21138.83,21361.92,20769.64,1828.9976589999999
1661040000,21136.48,21509.5,21790.22,21069.15,771.872562
1661126400,21519.5,21400.46,21535.0,20900.0,1731.944639
1661212800,21397.82,21524.41,21678.28,20898.09,1203.40484
1661299200,21529.3,21370.41,21892.46,21153.84,2830.118038
1661385600,21371.07,21558.6,21817.93,21312.78,1231.683101
1661472000,21562.6,20238.5,21874.34,20110.85,4106.088288
1661558400,20236.28,20037.34,20377.41,19681.97,2215.27759
1661644800,20039.53,19556.72,20156.99,19426.83,1070.142668
1661731200,19552.0,20286.88,20414.41,19547.27,1728.63434
1661817600,20289.94,19810.09,20575.0,19543.78,1734.783561
1661904000,19825.74,20050.08,20488.0,19809.07,1521.527283
1661990400,20054.12,20129.38,20203.98,19566.32,1599.563006
1662076800,20132.25,19947.33,20435.04,19754.7,1554.226478
1662163200,19954.47,19832.72,20050.41,19659.54,689.6209709999999
1662249600,19835.08,20009.24,20023.48,19595.22,834.438532
1662336000,20000.11,19786.73,20052.34,19639.22,1051.611546
1662422400,19799.82,18795.29,20179.48,18659.02,2514.231602
1662508800,18791.56,19287.92,19460.72,18536.82,1839.668429
1662595200,19296.53,19318.96,19454.01,19015.54,1745.170101
1662681600,19319.92,21364.31,21600.0,19295.65,3067.609904
1662768000,21366.14,21652.49,21804.09,21122.78,1428.819744
1662854400,21652.5,21822.82,21857.14,21350.91,1158.949745
1662940800,21821.17,22395.73,22483.01,21554.28,2891.757993
1663027200,22396.19,20174.19,22789.0,19895.31,3546.425948
1663113600,20159.64,20224.21,20529.1,19619.62,2355.785831
1663200000,20219.2,19699.71,20329.38,19495.88,1783.2322
1663286400,19707.59,19802.64,19889.24,19336.68,1675.684726
1663372800,19798.05,20110.84,20179.98,19753.06,902.692596
1663459200,20114.74,19417.43,20117.53,19338.68,1192.997347
1663545600,19424.32,19540.09,19678.53,18257.7,2764.045921
1663632000,19533.97,18869.66,19635.18,18740.54,1662.940592
1663718400,18868.01,18466.35,19799.34,18168.45,4338.898461
1663804800,18452.78,19404.89,19516.2,18359.28,3527.023098
1663891200,19410.18,19291.83,19496.18,18535.56,2732.032945
1663977600,19292.79,18914.7,19312.55,18810.09,1250.790985
1664064000,18915.13,18810.25,19177.21,18636.01,1146.991059
1664150400,18805.24,19226.03,19315.99,18687.9,2327.0065
1664236800,19225.91,19077.58,20382.65,18827.24,5187.270084
1664323200,19082.76,19412.05,19788.22,18478.34,4021.259066
1664409600,19416.06,19585.16,19642.42,18850.72,2389.974444
1664496000,19587.96,19423.55,20178.37,19158.61,3548.611654
1664582400,19424.58,19312.75,19482.44,19163.55,647.879623
1664668800,19309.16,19055.8,19396.79,18922.49,1197.444005
1664755200,19061.42,19626.18,19711.75,18964.71,2384.419858
1664841600,19629.32,20342.75,20463.71,19494.03,3241.1054
1664928000,20337.15,20154.59,20365.6,19737.65,2263.369294
1665014400,20155.84,19959.98,20447.18,19855.56,6227.034721
1665100800,19960.12,19530.6,20061.62,19324.83,3473.547154
1665187200,19526.96,19417.23,19623.07,19252.92,1150.967833
1665273600,19418.16,19441.73,19554.52,19322.38,1385.439554
1665360000,19441.28,19132.82,19524.98,19021.19,2568.522375
1665446400,19130.63,19063.54,19267.83,18862.23,5319.982667
1665532800,19058.62,19155.42,19236.0,18982.92,2192.387434
1665619200,19155.42,19372.85,19503.48,18172.26,6484.869357
1665705600,19371.65,19175.48,19949.65,19081.82,4569.729238
1665792000,19177.42,19067.26,19223.54,18986.0,602.158529
1665878400,19068.76,19263.61,19424.58,19066.27,748.190493
1665964800,19259.03,19549.99,19673.57,19157.4,4008.206123
1666051200,19544.53,19331.56,19700.37,19095.52,4007.575497
1666137600,19326.07,19122.18,19359.64,19070.34,2834.00055
1666224000,19125.17,19041.69,19340.8,18911.11,3602.221144
1666310400,19044.55,19172.05,19247.41,18656.0,3666.560983
1666396800,19166.23,19206.26,19254.05,19113.68,403.379967
1666483200,19205.81,19570.12,19691.7,19076.11,1262.330743
1666569600,19573.53,19330.46,19600.0,19159.19,3311.75908
1666656000,19332.8,20083.8,20416.64,19242.37,5843.708286
1666742400,20081.79,20766.5,21018.68,20052.43,8103.200672
1666828800,20766.53,20292.1,20871.16,20200.76,5580.976765
1666915200,20297.59,20591.44,20748.06,19999.57,5519.60961
1667001600,20589.6,20810.82,21075.68,20555.57,2955.614928
1667088000,20811.67,20624.23,20928.83,20513.57,1872.680428
1667174400,20628.34,20492.7,20838.99,20243.57,3089.643794
1667260800,20493.8,20483.94,20692.86,20330.0,2894.399331
1667347200,20485.23,20152.24,20802.88,20063.21,5814.672881
1667433600,20153.32,20208.15,20392.76,20038.26,4746.435078
1667520000,20209.22,21147.28,21295.52,20182.71,6759.66828
1667606400,21145.13,21302.61,21475.41,21083.55,1743.009385
1667692800,21301.02,20908.79,21363.1,20889.12,1404.431226
1667779200,20901.79,20589.39,21065.09,20382.71,3851.29632
1667865600,20588.47,18537.65,20680.56,17466.24,11634.442058
1667952000,18538.36,15922.56,18588.99,15599.99,6743.66075
1668038400,15932.95,17580.04,18188.0,15769.42,2943.176137
1668124800,17580.39,17054.1,17687.87,16369.84,2488.6916420000002
1668211200,17042.83,16813.35,17099.35,16637.51,1008.732561
1668297600,16814.93,16325.51,16949.73,16245.12,930.709892
1668384000,16331.92,16612.4,17160.5,15814.87,4969.248876
1668470400,16617.25,16894.63,17123.98,16525.75,8520.401199
1668556800,16898.19,16661.52,17011.62,16383.12,3890.2021330000002
1668643200,16656.25,16692.72,16744.95,16415.78,2154.839322
1668729600,16695.4,16701.82,16994.47,16551.95,1758.476916
1668816000,16701.83,16706.97,16822.78,16551.01,470.155473
1668902400,16699.42,16284.06,16752.47,16177.98,1079.236997
1668988800,16284.06,15780.0,16322.78,15486.74,1805.011135
1669075200,15780.0,16218.73,16304.16,15622.74,2123.896625
1669161600,16229.54,16613.02,16694.65,16164.23,2315.271367
1669248000,16604.87,16599.81,16810.89,16462.63,1416.419041
1669334400,16602.13,16520.64,16621.88,16346.11,1063.55348
1669420800,16523.76,16471.64,16698.77,16389.63,435.505098
1669507200,16465.05,16428.4,16595.98,16404.59,382.048973
1669593600,16424.82,16212.51,16486.01,15998.89,1561.205164
1669680000,16209.97,16441.05,16545.96,16098.75,1486.059194
1669766400,16441.05,17164.98,17242.09,16427.05,2233.816116
1669852800,17162.8,16976.49,17320.96,16848.97,1152.64243
1669939200,16970.59,17096.4,17105.07,16779.99,982.293208
1670025600,17091.78,16879.06,17158.85,16862.57,529.821032
1670112000,16883.97,17106.46,17202.45,16880.56,671.866365
1670198400,17104.72,16968.71,17419.36,16869.44,1850.641398
1670284800,16968.93,17088.37,17106.61,16910.0,1376.064526
1670371200,17090.14,16837.35,17137.26,16685.62,906.982363
1670457600,16839.33,17220.61,17296.05,16737.94,1005.296721
1670544000,17222.55,17131.41,17358.24,17068.04,628.721642
1670630400,17127.67,17129.89,17226.88,17095.18,280.844573
1670716800,17129.77,17084.74,17270.79,17071.81,448.306265
1670803200,17086.62,17204.88,17240.58,16873.77,831.739269
1670889600,17211.41,17782.0,17967.49,17083.4,1353.343635
1670976000,17782.93,17804.72,18379.51,17662.65,3585.022348
1671062400,17801.85,17359.37,17854.26,17283.91,1863.836197
1671148800,17355.01,16633.71,17526.27,16532.94,2945.142181
1671235200,16625.45,16780.38,16796.67,16583.73,1074.492452
1671321600,16781.49,16738.88,16855.91,16663.99,676.474706
1671408000,16741.57,16439.89,16814.49,16283.49,1479.406444
1671494400,16436.13,16898.75,17048.57,16398.97,2231.510723
1671580800,16898.67,16829.61,16922.3,16732.51,868.853082
1671667200,16828.58,16822.08,16864.11,16563.47,1298.109936
1671753600,16824.09,16782.2,16945.58,16761.57,980.279996
1671840000,16781.48,16834.19,16864.1,16776.9,259.818886
1671926400,16838.18,16833.45,16853.97,16731.82,443.661161
1672012800,16832.62,16919.83,16942.28,16792.23,479.431244
1672099200,16921.8,16705.84,16966.97,16604.33,982.390394
1672185600,16707.35,16545.89,16783.9,16471.43,1491.096529
1672272000,16547.63,16634.04,16662.69,16492.62,748.75969
1672358400,16631.15,16609.35,16650.64,16369.84,1080.822896
1672444800,16605.84,16525.07,16639.73,16466.79,563.619323
1672531200,16524.41,16617.57,16628.2,16497.67,309.056051
1672617600,16619.93,16677.87,16785.92,16549.68,713.131373
1672704000,16674.84,16674.12,16774.53,16604.95,743.945758
1672790400,16676.49,16849.97,16984.83,16653.41,1511.331821
1672876800,16852.47,16832.48,16878.61,16756.91,722.090851
1672963200,16829.96,16952.15,17030.14,16683.74,1227.368213
1673049600,16952.1,16945.2,16982.15,16908.62,268.373706
1673136000,16944.93,17128.62,17157.28,16913.17,587.5150620000001
1673222400,17131.78,17181.92,17395.51,17105.39,1721.3187580000001
1673308800,17180.8,17441.76,17488.38,17146.6,1213.47196
1673395200,17439.34,17944.83,17996.94,17318.95,1648.122479
1673481600,17948.13,18852.95,19113.49,17908.33,6914.652036
1673568000,18844.86,19930.08,20003.26,18718.59,5011.223577
1673654400,19929.16,20953.76,21250.17,19890.43,8620.941878
1673740800,20952.7,20869.54,21044.33,20572.1,2245.308389
1673827200,20879.04,21192.09,21447.7,20629.46,2900.430181
1673913600,21187.47,21136.37,21581.9,20851.69,2085.221161
1674000000,21128.58,20677.13,21646.08,20412.41,1745.364229
1674086400,20677.13,21074.78,21190.9,20660.38,764.076433
1674172800,21080.05,22681.03,22758.1,20868.93,2614.471429
1674259200,22675.01,22775.95,23353.62,22439.37,4471.41213
1674345600,22783.64,22714.51,23074.91,22309.38,3497.443376
1674432000,22710.87,22915.06,23173.98,22514.16,2640.997861
1674518400,22913.74,22631.85,23157.5,22473.84,2143.9083610000002
1674604800,22639.7,23055.67,23809.38,22340.0,2197.009498
1674691200,23071.15,23005.88,23274.74,22858.6,1193.341499
1674777600,23006.98,23067.18,23493.4,22580.0,1626.405074
1674864000,23066.49,23021.21,23183.44,22884.67,435.528919
1674950400,23025.0,23744.82,23962.88,22969.63,1334.888544
1675036800,23744.81,22831.95,23798.15,22499.57,1455.269402
1675123200,22822.89,23128.28,23273.69,22721.55,967.825659
1675209600,23125.65,23726.72,23800.0,22786.01,1585.109473
1675296000,23726.72,23482.33,24233.55,23423.76,2368.821196
1675382400,23484.37,23421.84,23708.08,23210.18,1761.853992
1675468800,23424.81,23327.52,23582.05,23256.02,429.027857
1675555200,23323.92,22932.23,23423.76,22750.0,914.875938
1675641600,22928.37,22760.79,23151.2,22631.38,736.100893
1675728000,22759.66,23246.32,23347.52,22746.14,1714.322276
1675814400,23243.0,22958.53,23436.71,22674.4,1418.778459
1675900800,22964.85,21798.17,23008.58,21700.0,2386.315673
1675987200,21798.49,21631.55,21938.93,21470.39,1561.633344
1676073600,21623.14,21863.65,21901.77,21601.16,425.428935
1676160000,21866.56,21783.16,22091.04,21632.58,652.899657
1676246400,21780.98,21774.44,21891.26,21362.58,1362.856297
1676332800,21777.93,22200.34,22312.29,21558.27,1867.404055
1676419200,22196.2,24329.49,24365.92,22047.74,2550.343062
1676505600,24327.0,23518.71,25248.03,23508.79,2833.209053
1676592000,23522.79,24577.41,25014.06,23346.49,2952.899383
1676678400,24570.72,24628.46,24875.05,24436.84,1141.060212
1676764800,24630.43,24263.0,25193.38,24202.59,1744.260125
1676851200,24266.76,24838.09,25113.4,23844.34,1988.734029
1676937600,24835.34,24453.24,25242.62,24145.47,2484.635281
1677024000,24448.9,24181.73,24473.5,23583.63,2155.166063
1677110400,24186.71,23937.75,24597.2,23611.94,2680.622008
1677196800,23941.66,23183.13,24125.23,22854.66,2197.106284
1677283200,23181.4,23155.42,23219.12,22760.09,903.73265
1677369600,23156.96,23558.22,23681.3,23065.36,970.409065
1677456000,23561.67,23490.18,23891.35,23117.11,1424.037752
1677542400,23491.11,23140.1,23596.76,23027.14,1739.37979
1677628800,23140.48,23629.08,23998.92,23020.41,2221.546451
1677715200,23628.02,23468.02,23797.2,23198.89,2072.153148
1677801600,23466.77,22358.06,23476.07,21985.68,2585.271248
1677888000,22354.66,22346.68,22408.39,22160.0,667.56317
1677974400,22344.44,22430.68,22652.51,22198.81,979.42078
1678060800,22430.07,22407.44,22594.99,22259.68,1031.20915
1678147200,22409.81,22198.59,22554.47,21937.52,2790.97378
1678233600,22197.47,21703.4,22285.54,21579.92,3357.142658
1678320000,21701.97,20368.79,21832.13,20025.82,3827.082532
1678406400,20370.23,20153.97,20374.49,19565.4,6032.387027
1678492800,20155.58,20463.9,20688.52,19770.0,2680.24396
1678579200,20454.96,21995.39,22082.44,20274.25,3513.31226
1678665600,21996.88,24108.06,24481.5,21812.11,7467.8392
1678752000,24113.7,24674.99,26375.5,23841.0,6755.913323
1678838400,24670.89,24278.47,25172.43,23897.84,4551.13937
1678924800,24281.6,25003.06,25165.66,24121.62,2970.19364
1679011200,25003.06,27391.98,27750.45,24893.79,2713.282405
1679097600,27394.17,26917.17,27721.45,26590.99,1423.96384
1679184000,26917.17,27958.56,28381.43,26839.63,1472.722301
1679270400,27969.7,27720.95,28461.22,27134.4,2063.86929
1679356800,27723.72,28110.26,28430.56,27308.19,1190.29244
1679443200,28108.29,27254.54,28861.27,26603.54,2825.298864
1679529600,27242.3,28286.72,28751.33,27116.41,2591.64345
1679616000,28293.09,27444.02,28378.16,27016.08,2344.98984
1679702400,27460.0,27462.53,27786.46,27155.49,747.85679
1679788800,27457.51,27984.74,28197.07,27414.51,871.1726
1679875200,27963.23,27128.98,28024.99,26513.45,2414.15281
1679961600,27133.87,27260.91,27505.89,26635.48,2444.00856
1680048000,27266.53,28354.39,28646.63,27242.31,3091.75909
1680134400,28341.68,28035.67,29182.0,27697.25,4685.150132
1680220800,28033.22,28460.08,28657.69,27510.35,3264.42222
1680307200,28460.1,28452.75,28815.32,28218.91,913.66801
1680393600,28449.0,28176.4,28530.76,27854.49,1189.9971
1680480000,28177.46,27806.67,28500.29,27265.0,3575.72719
1680566400,27793.56,28164.56,28440.3,27654.08,2375.33862
1680652800,28157.88,28166.68,28770.27,27828.89,2440.36142
1680739200,28166.68,28031.19,28185.68,27711.66,1433.80828
1680825600,28033.82,27901.7,28104.6,27763.3,822.73371
1680912000,27901.59,27941.17,28156.05,27854.98,376.18819
1680998400,27935.62,28324.72,28531.54,27797.43,854.09292
1681084800,28324.4,29642.28,29769.78,28159.33,1858.429484
1681171200,29636.58,30196.78,30560.6,29589.23,2445.705852
1681257600,30196.78,29891.39,30482.07,29650.0,2395.59523
1681344000,29891.39,30376.49,30583.58,29851.17,2115.014824
1681430400,30378.69,30461.9,31015.88,29966.04,3084.714799
1681516800,30466.38,30293.1,30596.82,30199.57,862.57072
1681603200,30296.76,30301.91,30547.63,30118.55,1069.92307
1681689600,30300.78,29429.64,30322.57,29240.22,2358.13101
1681776000,29429.64,30381.36,30486.46,29095.3,3380.29609
1681862400,30382.2,28798.07,30409.62,28574.5,4498.91245
1681948800,28796.0,28240.95,29083.99,27999.36,3391.78918
1682035200,28240.95,27263.02,28370.56,27136.94,3530.68713
1682121600,27259.36,27818.2,27881.46,27144.51,1630.99713
1682208000,27813.95,27588.59,27819.65,27333.08,1748.96198
1682294400,27587.87,27512.82,27998.15,26962.3,3403.33245
1682380800,27512.18,28296.98,28391.62,27191.21,2977.17603
1682467200,28303.19,28418.62,30030.41,27249.0,6455.58602
1682553600,28419.14,29475.32,29896.44,28377.78,3965.41484
1682640000,29476.82,29312.93,29593.39,28885.61,1854.90346
1682726400,29317.65,29228.32,29444.4,29038.97,569.11839
1682812800,29228.38,29224.89,29962.87,29088.14,1295.21726
1682899200,29237.64,28073.3,29334.06,27667.89,2107.08053
1682985600,28068.26,28671.76,28881.04,27869.8,1585.44208
1683072000,28669.63,29030.86,29266.83,28120.0,2945.05292
1683158400,29030.55,28838.07,29381.71,28663.22,1434.38754
1683244800,28847.85,29504.4,29678.6,28804.94,1956.51079
1683331200,29505.43,28846.33,29831.41,28333.15,1278.7991
1683417600,28846.33,28426.29,29133.92,28398.29,895.69981
1683504000,28434.44,27669.62,28631.55,27264.83,2380.08777
1683590400,27658.38,27623.4,27821.31,27351.56,540.5754
1683676800,27632.61,27599.6,28316.76,26839.91,641.37046
1683763200,27592.89,26972.18,27624.39,26713.98,448.66664000000003
1683849600,26972.63,26790.85,27083.96,25816.67,635.89815
1683936000,26801.54,26779.72,27038.75,26688.04,239.0358
1684022400,26769.29,26914.59,27200.0,26575.51,336.79274
1684108800,26917.28,27164.79,27660.54,26734.85,644.4019499999999
1684195200,27158.37,27035.73,27294.73,26841.8,429.9884
1684281600,27035.73,27405.87,27496.07,26546.47,721.83
1684368000,27407.94,26820.9,27484.31,26328.2,698.56373
1684454400,26822.07,26880.33,27173.0,26639.22,373.31201
1684540800,26885.35,27100.7,27156.6,26824.96,148.42648
1684627200,27106.16,26746.96,27275.06,26670.33,334.04825
1684713600,26740.5,26853.73,27092.02,26539.18,833.0665
1684800000,26847.43,27224.87,27493.33,26800.0,1027.44256
1684886400,27223.34,26331.72,27223.34,26080.19,989.83037
1684972800,26321.61,26473.26,26621.37,25873.88,754.58955
1685059200,26479.19,26701.03,26933.45,26328.31,515.97944
1685145600,26707.46,26855.5,26888.0,26555.0,242.07005
1685232000,26857.06,28063.46,28256.38,26768.59,585.09302
1685318400,28069.22,27738.83,28444.71,27526.32,811.60832
1685404800,27737.94,27696.3,28041.41,27556.7,715.64459
1685491200,27688.81,27213.15,27834.35,26832.67,899.40734
1685577600,27213.15,26815.41,27347.62,26611.33,682.48871
1685664000,26812.5,27241.48,27298.4,26500.0,583.12988
1685750400,27245.09,27068.35,27325.93,26913.43,246.40205
1685836800,27068.35,27124.27,27454.7,26952.6,283.16666
1685923200,27107.75,25725.97,27133.99,25395.44,836.83073
1686009600,25733.56,27235.2,27274.2,25355.82,800.25667
1686096000,27240.65,26344.3,27363.71,26270.41,371.26585
1686182400,26344.5,26525.73,26793.17,26246.4,137.95613
1686268800,26525.71,26504.97,26762.26,26305.9,251.90923
1686355200,26505.11,25849.51,26544.0,25551.4,253.88218
1686441600,25842.28,25919.52,26192.22,25689.58,154.07575
1686528000,25933.43,25925.43,26081.0,25675.0,193.8055
1686614400,25925.43,25924.41,26356.07,25738.31,186.40563
1686700800,25925.46,25124.36,26098.35,25019.04,234.26558
1686787200,25132.59,25595.96,25722.99,24817.35,217.78144
1686873600,25605.96,26354.99,26452.16,25289.67,186.12735
1686960000,26354.98,26528.85,26763.68,26078.69,105.86557
1687046400,26515.99,26349.44,26707.24,26296.39,95.2113
1687132800,26349.44,26832.67,26995.37,26272.97,109.95144
1687219200,26824.1,28316.76,28419.28,26628.01,310.47523
1687305600,28322.72,30009.46,138070.0,28259.32,518.0493
1687392000,30009.0,29922.22,30533.01,29800.0,292.202
1687478400,29907.0,30660.0,31392.15,29850.0,287.12504
1687564800,30671.38,30527.01,30841.7,30290.19,111.16373
1687651200,30540.7,30470.93,30994.44,30344.0,135.44209
1687737600,30449.56,30275.0,30660.2,29944.0,130.72946
1687824000,30275.0,30707.77,30974.22,30234.53,137.63916
1687910400,30688.0,30098.93,30715.84,29890.0,186.45661
1687996800,30081.95,30430.01,30818.0,30043.0,240.3208
1688083200,30430.01,30476.8,31239.69,30034.0,373.70658000000003
1688169600,30476.83,30604.99,30656.4,30338.23,104.99358
1688256000,30604.97,30625.0,30777.01,30300.0,121.66079
1688342400,30626.45,31160.0,31375.14,30576.02,164.70626000000001
1688428800,31161.68,30780.94,31338.99,30642.28,125.17742
1688515200,30775.0,30514.97,30860.03,30203.84,130.42412
1688601600,30504.99,29895.19,31380.0,29800.5,342.12422
1688688000,29913.57,30360.58,30446.25,29712.21,206.35585
1688774400,30361.35,30280.01,30400.82,30072.7,138.85526
1688860800,30293.97,30194.99,30438.56,30088.13,98.20702
1688947200,30194.99,30435.98,31030.52,30000.0,233.90207
1689033600,30432.99,30626.01,30795.03,30379.59,139.31124
1689120000,30619.88,30365.0,30955.77,30220.32,201.248
1689206400,30369.0,31454.17,32000.0,30267.71,404.61645
1689292800,31449.99,30313.0,31526.12,29955.43,385.41818
1689379200,30313.0,30288.46,30375.74,30237.0,79.04124
1689465600,30294.99,30225.15,30432.33,30069.13,123.73596
1689552000,30236.18,30154.58,30330.38,29667.69,223.9924
1689638400,30154.57,29864.32,30225.0,29689.0,205.57209
1689724800,29876.36,29925.02,30172.82,29765.84,177.27548
1689811200,29944.72,29809.99,30414.4,29566.71,248.87074
1689897600,29809.99,29899.99,30052.74,29730.0,134.00071
1689984000,29899.99,29785.02,29985.79,29680.0,80.28221
1690070400,29798.25,30079.91,30330.0,29745.01,150.46982
1690156800,30079.91,29175.51,30101.56,28865.83,268.99459
1690243200,29189.43,29215.05,29373.78,29050.05,96.05095
1690329600,29229.96,29352.35,29636.38,29100.0,212.83988
1690416000,29354.04,29220.01,29580.15,29085.44,114.03322
1690502400,29234.69,29310.22,29535.0,29120.0,85.97708
1690588800,29324.85,29345.0,29411.42,29254.66,51.74605
1690675200,29347.23,29290.11,29434.09,29045.16,83.47218
1690761600,29280.01,29227.24,29500.0,29110.37,125.57218
1690848000,29238.43,29600.0,29600.0,28589.26,263.82671
1690934400,29600.0,29185.0,30028.43,28916.79,283.23607
1691020800,29185.0,29194.99,29432.06,28968.2,160.8989
1691107200,29186.28,29119.99,29329.03,28969.74,128.25689
1691193600,29119.98,29065.97,29185.5,28985.71,69.35806
1691280000,29065.02,29091.77,29198.7,29000.16,96.32926
1691366400,29092.01,29200.01,29263.74,28705.0,155.12143
1691452800,29205.0,29774.97,30120.0,29142.3,274.69808
1691539200,29774.99,29575.01,30120.0,29391.94,177.6591
1691625600,29575.01,29454.17,29730.0,29341.32,159.47785
1691712000,29454.17,29427.14,29560.0,29250.0,201.05367
1691798400,29427.13,29424.99,29480.6,29381.84,107.37273
1691884800,29415.06,29311.08,29467.0,29280.01,87.20888
1691971200,29301.21,29432.1,29694.67,29121.97,169.25687
1692057600,29432.1,29190.12,29493.2,29015.3,106.07506
1692144000,29187.21,28734.96,29261.5,28720.69,193.24183
1692230400,28734.96,26630.0,28780.0,26350.0,445.99517
1692316800,26625.0,26060.19,26823.25,25619.9,327.77939
1692403200,26059.99,26106.91,26265.84,25815.0,108.76234
1692489600,26106.9,26186.42,26286.03,25992.52,96.81339
1692576000,26194.4,26122.59,26250.0,25809.39,110.56406
1692662400,26133.76,26054.99,26139.99,25363.16,164.89006
1692748800,26059.99,26449.68,26815.0,25815.61,251.58855
1692835200,26449.68,26175.01,26579.62,25886.7,134.73212
1692921600,26181.05,26064.1,26299.99,25790.0,196.37414
1693008000,26064.1,26013.79,26119.12,25990.38,35.33642
1693094400,26015.04,26098.81,26179.37,25950.0,91.37392
1693180800,26108.53,26128.11,26253.33,25875.0,167.82147
1693267200,26127.11,27723.71,28135.98,25920.52,427.89303
1693353600,27724.96,27295.85,27767.89,27049.81,235.22555
1693440000,27298.58,25949.97,27550.15,25715.51,299.19292
1693526400,25949.97,25814.53,26153.89,25355.12,234.55928
1693612800,25814.52,25865.0,25974.79,25746.8,72.48573
1693699200,25864.99,25979.99,26119.05,25819.46,140.10935
1693785600,25979.99,25829.98,26099.47,25641.14,136.2552
1693872000,25827.68,25780.4,25895.95,25578.56,108.31735
1693958400,25784.75,25764.99,26032.91,25373.4,162.75791
1694044800,25764.99,26253.88,26445.78,25620.0,158.85946
1694131200,26253.88,25912.99,26429.26,25689.9,109.6969
1694217600,25905.05,25907.4,25942.94,25806.0,61.87145
1694304000,25903.2,25837.78,26000.0,25591.08,115.26437
1694390400,25837.78,25164.13,25891.46,24900.0,273.08039
1694476800,25157.25,25840.19,26440.0,25129.38,286.7064
1694563200,25840.2,26215.57,26404.02,25781.11,189.91369
1694649600,26224.27,26521.8,26814.86,26146.2,245.60104
1694736000,26536.1,26603.66,26879.8,26223.75,181.06799
1694822400,26599.99,26564.87,26772.74,26451.15,115.57404
1694908800,26564.87,26525.01,26619.58,26385.94,86.33486
1694995200,26525.01,26756.08,27411.97,26400.0,291.42457
1695081600,26764.99,27212.67,27483.06,26660.01,250.90933
1695168000,27212.69,27134.94,27387.41,26857.59,208.20494
1695254400,27121.69,26566.44,27152.52,26342.0,229.63043
1695340800,26573.55,26579.73,26720.0,26491.73,124.6593
1695427200,26582.0,26580.03,26632.83,26508.65,57.47507
1695513600,26584.99,26243.85,26733.07,26170.88,103.37993
1695600000,26249.99,26300.0,26439.49,26002.79,168.70237
1695686400,26300.0,26211.63,26407.33,26095.0,118.01781
1695772800,26219.86,26373.99,26841.47,26111.78,235.94715
1695859200,26373.99,27023.99,27294.6,26340.0,284.86239
1695945600,27023.98,26909.86,27226.01,26600.0,194.77297
1696032000,26902.97,26960.01,27100.0,26886.09,92.61436
1696118400,26960.0,27994.99,28024.0,26956.0,182.15753
1696204800,27994.99,27544.99,28485.97,27290.8,305.42682
1696291200,27538.64,27420.0,27673.49,27158.39,202.03119
1696377600,27420.99,27790.15,27835.19,27246.0,187.67526
1696464000,27789.66,27419.92,28138.1,27350.0,196.41966
1696550400,27410.02,27935.03,28127.18,27069.93,225.39403
1696636800,27936.0,27952.0,27975.14,27843.65,69.06262
1696723200,27952.0,27920.0,28090.0,27689.99,106.82616
1696809600,27915.01,27584.59,27984.99,27250.0,168.02213
1696896000,27579.67,27418.69,27700.0,27297.92,128.99393
1696982400,27418.69,26879.99,27477.99,26542.08,208.7874
1697068800,26879.99,26764.31,26946.79,26555.82,114.60949
1697155200,26765.0,26859.53,27147.4,26689.1,134.54676
1697241600,26866.14,26858.31,26986.72,26793.53,59.97108
1697328000,26858.1,27135.01,27250.0,26815.02,87.94757
1697414400,27141.12,28466.74,28803.36,27087.8,295.79009
1697500800,28466.63,28403.58,28579.81,28064.1,186.50895
1697587200,28403.38,28318.99,28941.84,28140.0,182.28542
1697673600,28318.99,28717.45,28803.36,28137.02,199.52404
1697760000,28718.45,29659.06,29836.84,28616.92,278.35869
1697846400,29659.07,29904.46,30200.0,29455.3,186.32447
1697932800,29904.85,29992.78,30130.0,29700.0,132.86552
1698019200,29992.78,32915.0,33425.56,29875.5,503.45501
1698105600,32915.0,33932.19,35100.0,32846.23,625.25892
1698192000,33932.22,34520.97,35000.0,33670.98,344.09174
1698278400,34520.97,34157.97,34803.48,33762.93,302.09876
1698364800,34174.04,33870.0,34248.27,33201.35,193.98987
1698451200,33870.0,34097.09,34314.9,33818.82,85.94278
1698537600,34095.3,34522.08,34717.13,33936.34,138.24133
1698624000,34531.64,34481.52,34873.66,34052.33,235.60469
1698710400,34481.52,34627.47,34635.0,34064.94,179.45831
1698796800,34627.2,35400.13,35496.2,34100.0,370.11502
1698883200,35427.62,34942.95,35954.99,34555.0,328.43787
1698969600,34945.31,34720.25,34947.97,34121.79,215.27124
1699056000,34707.48,35048.07,35211.47,34588.28,104.6704
1699142400,35038.73,35024.18,35377.11,34600.0,154.72625
1699228800,35007.74,35042.52,35278.0,34735.93,227.77083
1699315200,35040.08,35385.6,35700.0,34524.98,287.00925
1699401600,35405.58,35628.94,35947.0,35103.03,287.54097
1699488000,35628.93,36680.47,37974.85,35550.0,646.32063
1699574400,36701.93,37295.58,37450.0,36400.01,296.49994
1699660800,37278.23,37143.52,37387.0,36728.06,181.84587
1699747200,37140.0,37085.2,37199.0,36760.0,105.98479999999999
1699833600,37085.19,36466.15,37399.0,36193.3,257.17992
1699920000,36465.6,35557.53,36744.96,35200.0,296.88478
1700006400,35550.0,37846.08,37850.0,35378.95,321.64399
1700092800,37846.09,36209.38,37850.0,35505.64,355.45139
1700179200,36197.88,36566.73,36699.0,35868.57,255.38624
1700265600,36566.73,36568.81,36765.65,36192.87,98.56694
1700352000,36570.01,37352.05,37429.55,36391.47,181.97825
1700438400,37357.64,37400.0,37696.51,36704.26,268.74155
1700524800,37400.01,35780.49,37575.51,35755.0,376.67386
1700611200,35755.01,37360.0,37740.0,35735.33,367.60566
1700697600,37365.11,37290.14,37649.99,36886.88,171.55226
1700784000,37302.01,37716.86,38404.2,37254.54,285.51062
1700870400,37725.01,37794.42,37888.0,37593.67,81.81006
1700956800,37777.01,37450.0,37821.55,37181.0,138.10811
1701043200,37450.0,37237.52,37557.77,36720.09,165.29516
1701129600,37251.95,37823.4,38222.0,36875.0,260.66305
1701216000,37824.52,37861.76,38432.91,37575.0,224.76946
1701302400,37845.94,37730.97,38141.87,37509.01,185.0633
1701388800,37730.95,38688.5,38976.67,37611.02,305.46832
1701475200,38686.64,39453.91,39699.95,38639.15,167.97752
1701561600,39471.72,40020.0,40179.82,39277.33,215.89243
1701648000,40019.99,41998.28,42399.12,40000.0,528.09176
1701734400,41980.02,44151.45,44482.83,41420.69,476.49982
1701820800,44153.06,43779.58,44278.84,43382.42,327.97515
1701907200,43779.59,43283.59,44038.08,42961.77,257.92184
1701993600,43284.97,44178.56,44700.01,43082.72,271.66113
1702080000,44154.13,43701.86,44348.86,43600.32,130.27304
1702166400,43727.71,43788.74,44024.18,43600.02,108.3228
1702252800,43777.37,41237.41,43820.0,40232.18,349.01806
1702339200,41237.41,41465.48,42100.0,40679.77,246.18935
1702425600,41494.58,42878.34,43440.76,40647.38,261.76573
1702512000,42890.31,43031.93,43411.81,41503.81,245.7777
1702598400,43021.33,41932.39,43081.95,41684.56,162.94656
1702684800,41938.42,42258.78,42699.99,41624.6,95.56071
1702771200,42258.94,41368.43,42407.93,41281.8,91.01864
1702857600,41401.53,42628.76,42707.71,40533.7,198.62958
1702944000,42640.13,42270.46,43268.11,41818.34,205.44794
1703030400,42285.38,43676.0,44266.37,42207.14,280.8664
1703116800,43661.78,43854.69,44230.0,43303.88,240.3177
1703203200,43854.09,43961.99,44250.0,43468.86,216.33361
1703289600,43936.56,43700.1,43985.0,43316.8,122.84694
1703376000,43700.12,42991.17,43928.28,42820.95,199.04718
1703462400,42965.64,43607.38,43739.17,42759.01,135.29789
1703548800,43583.07,42526.37,43605.95,41788.0,165.30277
1703635200,42505.16,43410.09,43657.61,42126.6,177.57394
1703721600,43434.54,42601.54,43723.42,42320.0,168.15707
1703808000,42601.54,42085.42,43098.35,41296.35,228.6485
1703894400,42085.36,42138.01,42598.22,41516.66,146.52109
1703980800,42163.09,42255.16,42858.4,42007.52,151.28184
1704067200,42278.79,43999.99,44000.0,42212.0,177.52851
1704153600,43998.83,44953.74,45889.62,43961.25,399.57179
1704240000,44931.83,42823.2,45489.66,42045.02,399.85334
1704326400,42860.53,44146.81,44689.98,42620.55,288.38869
1704412800,44128.34,44167.0,44294.62,43093.58,275.43134
1704499200,44167.0,43952.87,44230.08,43394.97,161.57234
1704585600,43980.6,43896.76,44454.29,43660.0,163.65028
1704672000,43898.58,46901.44,47110.0,43289.84,427.12735
1704758400,46905.47,46186.0,47500.0,45416.18,361.08977
1704844800,46186.0,46665.7,47650.5,44831.18,447.5733
1704931200,46665.7,46367.61,48400.0,45687.06,401.74124
1705017600,46367.49,42789.35,46508.24,41844.35,372.20396
1705104000,42848.66,42815.6,43264.02,42443.05,203.9168
1705190400,42822.46,41700.01,43025.69,41700.01,214.7634
1705276800,41735.63,42532.82,43320.8,41636.2,168.67596
1705363200,42533.07,43125.41,43554.13,42031.6,194.36454
1705449600,43162.69,42788.24,43189.3,42218.33,139.19491
1705536000,42774.14,41323.0,42944.6,40612.2,283.46178
1705622400,41323.0,41694.1,42311.5,40308.53,239.22309
1705708800,41694.7,41766.8,41859.17,41460.0,75.6808
1705795200,41742.0,41572.24,41876.92,41528.23,83.47212999999999
1705881600,41572.61,39553.71,41733.1,39441.54,275.10441000000003
1705968000,39553.71,39885.18,40164.61,38570.59,200.04517
1706054400,39870.49,40080.86,40554.88,39380.27,91.52764
1706140800,40069.86,39930.97,40290.0,39523.69,54.37907
1706227200,39930.97,41800.02,42193.81,39831.89,128.57511
1706313600,41801.23,42103.0,42159.36,41413.79,34.86381
1706400000,42108.15,42063.04,42814.07,41655.39,61.59193
1706486400,42033.94,43275.97,43299.99,41843.97,85.82408
1706572800,43283.97,42983.77,43800.0,42706.06,70.5723
1706659200,42969.43,42600.0,43726.57,42075.0,96.28622
1706745600,42570.25,43085.14,43271.42,41911.49,111.87772
1706832000,43087.86,43198.29,43458.22,42588.68,58.97192
1706918400,43198.3,42975.14,43379.36,42900.0,30.91661
1707004800,43024.81,42571.73,43100.0,42378.54,35.87544
1707091200,42585.03,42701.18,43537.69,42338.39,71.02396
1707177600,42726.18,43106.39,43370.33,42571.28,60.21508
1707264000,43114.3,44346.1,44352.0,42789.07,93.23569
1707350400,44320.3,45313.39,45577.35,44320.3,75.7232
1707436800,45313.16,47091.85,48088.7,45257.34,158.19887
1707523200,47091.87,47775.49,48117.77,46875.94,40.9223
1707609600,47770.0,48247.73,48510.59,47601.14,73.81687
1707696000,48248.36,49947.62,50246.21,47734.4,149.5244
1707782400,49931.8,49738.87,50322.0,48204.6,130.99965
1707868800,49698.02,51759.58,52000.0,49338.0,145.89177
1707955200,51768.04,51901.75,52793.0,51340.3,131.6589
1708041600,51855.33,52132.09,52523.16,51600.0,89.73123
1708128000,52151.67,51670.97,52181.21,50645.33,53.57423
1708214400,51644.37,52120.0,52300.08,51191.46,38.28548
1708300800,52120.0,51751.84,52427.44,51700.0,54.94769
1708387200,51751.95,52250.08,52850.0,50779.54,101.21539
1708473600,52285.22,51821.06,52361.01,50653.13,65.06172
1708560000,51865.96,51348.64,52018.79,50977.67,58.81362
1708646400,51317.14,50754.22,51521.02,50551.87,45.59659
1708732800,50728.34,51562.84,51664.32,50601.49,36.00047
1708819200,51562.27,51745.0,51903.0,51324.56,39.84299
1708905600,51745.0,54489.99,54834.17,50930.04,140.43632
1708992000,54447.09,57067.0,57500.0,54447.03,184.35812
1709078400,57067.0,62413.39,63583.26,56719.85,366.34648
1709164800,62495.88,61125.22,63500.0,60409.17,191.13411
1709251200,61188.91,62394.58,62817.48,60755.0,88.17028
1709337600,62412.48,62006.35,62434.25,61550.0,64.96801
1709424000,62006.33,63068.89,63154.47,61365.23,55.23981
1709510400,63068.89,68152.44,68309.21,62425.78,191.47634
1709596800,68049.92,63830.27,68965.91,58618.0,320.09433
1709683200,63830.11,66193.8,67573.8,62800.0,140.72554
1709769600,66193.8,66845.27,67901.14,65700.01,99.20372
1709856000,66845.0,68163.76,69845.0,66125.3,179.931114
1709942400,68152.22,68309.0,68539.44,67400.0,44.41091
1710028800,68351.49,68978.46,69999.0,68150.0,101.72577
1710115200,68919.36,72115.58,72754.15,67800.0,164.64562
1710201600,72119.15,71420.43,72945.19,69008.63,116.84886
1710288000,71469.96,73020.03,73559.04,71355.77,103.44826
1710374400,73108.44,71389.23,73779.26,68992.81,146.54703
1710460800,71405.0,69506.22,72387.23,66037.11,190.19712
1710547200,69519.3,65354.59,70000.9,64700.0,79.27654
1710633600,65269.94,68397.9,68850.85,64572.53,80.34426
1710720000,68397.89,67562.87,68868.58,66585.49,61.92561
1710806400,67562.87,62057.44,68000.0,61587.35,210.30809
1710892800,61920.49,67630.03,67957.59,60802.51,151.49905
1710979200,67719.39,65513.13,68045.52,64605.53,56.10592
1711065600,65448.72,63811.92,66535.65,62339.49,71.36894
1711152000,63811.05,64041.82,65961.38,63063.08,52.1354
1711238400,64041.73,67173.0,67439.74,63815.35,39.91476
1711324800,67180.4,69853.45,71043.93,66306.57,123.64859
1711411200,69868.6,69983.99,71365.19,69324.13,56.22012
1711497600,69948.59,69437.7,71668.99,68303.6,69.5824
1711584000,69482.38,70811.57,71500.0,68938.4,65.02468
1711670400,70811.47,69849.99,70904.9,69085.8,48.95289
1711756800,69849.99,69763.07,70330.65,69650.0,26.40171
1711843200,69762.99,71319.74,71322.88,69692.29,33.97613
1711929600,71322.38,69700.0,71322.38,68084.93,69.46532
1712016000,69700.0,65473.99,69725.94,64624.75,128.46354
1712102400,65473.47,66008.96,67066.37,64555.01,59.05627
1712188800,66008.96,68369.41,69262.19,65211.51,49.24852
1712275200,68451.28,67829.31,68592.02,65956.51,62.72157
1712361600,67829.31,68828.93,69486.6,67438.27,12.83182
1712448000,68892.99,69335.89,70107.94,68670.0,31.61533
1712534400,69255.01,71640.11,72740.2,69098.78,94.24361
1712620800,71640.01,69173.8,71701.0,68249.89,79.70466
1712707200,69173.55,70555.79,70900.0,67555.36,69.9965
1712793600,70555.79,70056.0,71235.97,69602.4,36.15518
1712880000,70073.46,67183.85,71199.0,66000.0,89.87685
1712966400,67239.0,63947.01,68001.1,61723.97,133.69929
1713052800,63920.15,65780.16,66000.0,62005.6,56.44785
1713139200,65826.97,63449.83,66824.65,62372.92,67.84581
1713225600,63380.58,63859.29,64884.8,61503.38,91.65388
1713312000,63806.0,61289.21,64473.13,59723.94,93.613
1713398400,61350.59,63463.3,64087.97,60854.6,42.54642
1713484800,63447.69,63843.37,65472.48,59631.64,108.08397
1713571200,63842.42,64930.63,65400.0,63106.21,62.15612
1713657600,64975.22,64957.64,65662.76,64245.48,21.66664
1713744000,64957.64,66850.0,67176.25,64543.51,38.85241
1713830400,66867.85,66399.99,67164.66,65815.98,28.01835
1713916800,66374.04,64278.95,66980.0,63777.57,45.99513
1714003200,64325.42,64500.0,65240.53,62825.96,34.76707
1714089600,64506.07,63801.92,64777.0,63359.86,25.35186
1714176000,63758.97,63460.73,63859.71,62500.0,26.27522
1714262400,63471.29,63137.36,64334.12,62825.96,15.36399
1714348800,63137.36,63817.61,64190.71,61813.19,24.30825
1714435200,63860.73,60698.63,64690.43,59274.0,64.65473
1714521600,60698.5,58361.6,60829.26,56603.15,106.99634
1714608000,58431.16,59102.52,59588.23,57027.31,45.63249
1714694400,59102.36,62849.56,63323.7,58808.71,69.08544
1714780800,62839.79,63800.39,64441.95,62557.84,42.81561
1714867200,63800.39,64021.14,64600.0,62910.37,21.25451
1714953600,63994.76,63154.41,65460.03,62754.3,44.71543
1715040000,63176.2,62358.78,64364.22,62297.02,34.19785
1715126400,62300.0,61193.08,62994.04,60909.72,30.54245
1715212800,61162.31,61550.15,61563.29,61137.33,8.47261
